000841,EL05239303501,冷川峠Ａ,静岡県,伊東市,本田技研工業㈱伊東研修センター
000842,EL05238314901,岡部Ａ,静岡県,藤枝市,新舟会館
000843,EL05234600302,岡山加茂Ａ,岡山県,津山市,加茂町総合グランド駐車場
010844,EL06140260403,青森Ａ,青森県,青森市,青森市立原別小学校
010845,EL05640023504,福島郡山１Ａ,福島県,郡山市,郡山市立安積第二小学校
010846,EL05033538602,高知大川Ａ,高知県,大川村,大川村有農地
020847,EL05237569902,水窪Ａ,静岡県,浜松市,水窪高齢者交流センター
020848,EL06841271601,稚内３,北海道,稚内市,稚内市立大岬小学校
020849,EL06741677003,稚内４,北海道,稚内市,稚内市立豊別小中学校跡地
020850,EL06742328302,中頓別,北海道,中頓別町,中頓別町立寿公園
020851,EL06742209102,幌延,北海道,幌延町,幌延町立問寒別小中学校
020852,EL06742009302,中川,北海道,中川町,中川町立佐久小学校跡地
020853,EL06642645501,美深,北海道,美深町,美深町教職員住宅
020854,EL06642379402,西興部,北海道,西興部村,西興部村体験公園
020855,EL06641368902,羽幌２,北海道,羽幌町,羽幌町有地(興勢橋付近)
020856,EL06643321902,紋別,北海道,紋別市,紋別市立藻別小学校
020857,EL06642139202,士別,北海道,士別市,南郷市民プール
020858,EL06642143801,北海道朝日,北海道,士別市,士別市営住宅
020859,EL06644077901,斜里２,北海道,斜里町,斜里町立ウトロ小中学校
020860,EL06641066802,小平２,北海道,小平町,小平町立達布小学校跡地
020861,EL06543649203,生田原,北海道,遠軽町,遠軽町立生田原中学校
020862,EL06542616802,旭川２,北海道,旭川市,旭川市立江丹別小中学校
020863,EL06543615401,白滝,北海道,遠軽町,遠軽町立白滝中学校
020864,EL06545505401,標津２,北海道,標津町,標津町立薫別小中学校
020865,EL06542417002,深川,北海道,深川市,深川市立納内中学校
020866,EL06543435001,留辺蘂,北海道,北見市,旧厚和小学校用地
020867,EL06542367301,東川,北海道,東川町,国有林(旭岳温泉「湯の沼」
020868,EL06543377903,津別,北海道,津別町,津別町立本岐小学校
020869,EL06545216702,別海３,北海道,別海町,別海町立野付小学校
020870,EL06544255701,中標津２,北海道,中標津町,中標津町立養老牛小学校
020871,EL06542212503,芦別,北海道,芦別市,芦別市立芦別小学校
020872,EL06541240902,当別,北海道,当別町,町有牧野
020873,EL06543166002,陸別,北海道,陸別町,陸別町立陸別中学校
020874,EL06543013401,上士幌２,北海道,上士幌町,上士幌町立糠平小学校
020875,EL06440738002,積丹２,北海道,積丹町,積丹町サクラマスサンクチュアリーセンター
020876,EL06441628703,石狩,北海道,石狩市,石狩斎場
020877,EL06441656201,新篠津,北海道,新篠津村,新篠津村立新篠津中学校
020878,EL06444676702,浜中２,北海道,浜中町,浜中町立西円朱別小学校
020879,EL06443600202,鹿追,北海道,鹿追町,鹿追町立瓜幕小学校
020880,EL06442549501,南富良野,北海道,南富良野町,南富良野町立幾寅小学校
020881,EL06444537902,標茶２,北海道,標茶町,標茶町立塘路小中学校　教職員住宅
020882,EL06441516602,札幌２,北海道,札幌市,札幌市立星置中学校
020883,EL06443544701,本別,北海道,本別町,本別町立本別中央小学校
020884,EL06440469401,赤井川,北海道,赤井川村,赤井川村立赤井川小学校　教職員住宅
020885,EL06442246202,北海道日高,北海道,日高町,日高町立千栄小学校跡地
020886,EL06443156202,浦幌,北海道,浦幌町,浦幌町立浦幌中学校
020887,EL06442176602,芽室,北海道,芽室町,芽室町立上美生小学校
020888,EL06440002002,島牧,北海道,島牧村,千走地区山村広場
020889,EL06443020501,幕別,北海道,幕別町,幕別町立駒畠小学校
020890,EL06342636101,門別２,北海道,日高町,日高町立里平小学校
020891,EL06342363101,浦河,北海道,浦河町,浦河町自然体験実習館「柏陽館」
020892,EL06240478401,戸井,北海道,函館市,運動広場
020893,EL06240445202,木古内,北海道,木古内町,木古内町立釜谷小学校
020894,EL06241105701,風間浦,青森県,風間浦村,風間浦村立下風呂小学校跡地
020895,EL06140673802,青森川内,青森県,むつ市,むつ市立川内中学校
020896,EL06141539001,東通２,青森県,東通村,東通村立老部小学校
020897,EL06140524301,小泊,青森県,中泊町,中泊町立小泊中学校
020898,EL06140007001,深浦,青森県,深浦町,深浦町立風合瀬小学校
020899,EL06041609803,十和田湖１,青森県,十和田市,上川目浄水場
020901,EL06041621602,五戸,青森県,五戸町,ひばり野スポーツ交流センター
020902,EL06040573502,十和田湖２,青森県,十和田市,十和田湖自然の家(2007.2現在機能していない)
020903,EL06041332802,軽米,岩手県,軽米町,妻渡ふれあい広場
020904,EL06041102301,安代,岩手県,八幡平市,八幡平市立安代中学校
020905,EL05941756201,岩泉３,岩手県,岩泉町,岩泉町立大平小中学校跡地
020906,EL05941478702,田老,岩手県,宮古市,宮古市立田老第一中学校
020907,EL05941336402,川井２,岩手県,川井村,川井村立門馬小中学校
020908,EL05940266603,沢内,岩手県,西和賀町,西和賀町防雪管理センター
020909,EL05941125302,大迫,岩手県,花巻市,花巻市水道事業所
020910,EL05841628402,江刺,岩手県,奥州市,奥州市立人首小学校
020911,EL05841431202,岩手大東,岩手県,一関市,一関市立大原小学校
020912,EL05841319101,平泉,岩手県,平泉町,平泉町立長島小学校
020913,EL05840362602,栗駒２,宮城県,栗原市,栗駒高原創造センター（山脈ハウス）
020914,EL05841029501,宮城東和,宮城県,登米市,東和総合支所
020915,EL05841002001,高清水,宮城県,栗原市,高清水勤労者体育センター
020916,EL05741719201,南方,宮城県,登米市,登米市立南方中学校
020917,EL05740658802,小野田,宮城県,加美町,小野田町総合交流ターミナル施設「ぶな林」
020918,EL05741621401,河北,宮城県,石巻市,石巻市立河北中学校
020919,EL05740271503,名取,宮城県,名取市,名取市立閖上中学校
020920,EL05640558802,丸森,宮城県,丸森町,町有地
020921,EL06040400202,八森,秋田県,八蜂町,八蜂町立八森小学校
020922,EL06040231201,鷹巣,秋田県,北秋田市,北秋田市立南小学校
020923,EL06040101001,八竜,秋田県,三種町,三種町立八竜中学校
020924,EL05940740202,阿仁２,秋田県,北秋田市,打当温泉「マタギの湯」
020925,EL05940203401,岩城,秋田県,由利本荘市,由利本荘市立岩城中学校
020926,EL05940240702,太田,秋田県,大仙市,大仙市立太田南小学校
020927,EL05840725202,東由利,秋田県,由利本荘市,由利本荘市立東由利中学校
020928,EL05840557701,東成瀬,秋田県,東成瀬村,東成瀬村立椿川小学校跡地（椿川公民館別館）
020929,EL05840436502,雄勝,秋田県,湯沢市,湯沢市立雄勝中学校
020930,EL05840312402,真室川,山形県,真室川町,平枝地区農村公園
020931,EL05840130901,最上,山形県,最上町,最上町立月楯小学校
020932,EL05839054302,鶴岡,山形県,鶴岡市,鶴岡市立三瀬小学校
020933,EL05740715701,大蔵,山形県,大蔵村,大蔵村立沼台小中学校
020934,EL05740230101,山形,山形県,山形市,山形市立蔵王第三小学校・第二中学校
020935,EL05639770003,飯豊,山形県,飯豊町,飯豊町立中津川小中学校
020936,EL05640630501,福島２,福島県,福島市,福島市立飯坂小学校
020937,EL05639470702,北塩原,福島県,北塩原村,北塩原村立大塩小学校
020938,EL05640340501,福島東和,福島県,二本松市,二本松市立東和中学校
020939,EL05639165602,会津高田,福島県,会津美里町,会津美里町立第一中学校
020940,EL05640133701,福島郡山３,福島県,郡山市,郡山市立大田小学校
020941,EL05539759402,昭和,福島県,昭和村,昭和村立昭和中学校小野川分校
020942,EL05540715703,福島長沼,福島県,須賀川市,須賀川市立長沼小学校
020943,EL05540635602,玉川,福島県,玉川村,玉川村立須釜小学校
020944,EL05540651702,いわき３,福島県,いわき市,いわき市立差塩中学校(小学校併設)
020945,EL05540432001,棚倉,福島県,棚倉町,棚倉森林管理署裏町有地
020946,EL05540351501,いわき４,福島県,いわき市,いわき市立田人第二小学校南大平分校
020947,EL05440537002,常北,茨城県,城里町,城里町立石塚小学校
020948,EL05540504201,那須２,栃木県,那須町,那須町共同利用模範牧場
020949,EL05539244002,栗山,栃木県,日光市,日光市立川俣中学校
020950,EL05439664001,鹿沼,栃木県,鹿沼市,北押原コミュニティセンター
020951,EL05439574202,上三川,栃木県,上三川町,上三川町立北小学校
020952,EL05539200401,水上２,群馬県,みなかみ町,みなかみ町立藤原中学校
020954,EL05438760702,中之条,群馬県,中之条町,群馬県立中之条高等学校
020955,EL05439407101,群馬,群馬県,高崎市,高崎市立国府小学校
020956,EL05439322002,境,群馬県,境町,境町立南中学校
020957,EL05438254601,南牧,群馬県,南牧村,高原運動公園
020958,EL05338771403,埼玉大滝,埼玉県,秩父市,三峰山駐車場（第二駐車場）
020959,EL05239577702,鴨川２,千葉県,鴨川市,旧鴨川市立大山小学校（平成21年3月31日廃校）
020960,EL05339026902,平塚,神奈川県,平塚市,平塚市立大神公民館
020961,EL05639204802,新潟下田,新潟県,三条市,三条市立森町小学校
020962,EL05538655002,高柳,新潟県,柏崎市,じょんのび村
020963,EL05539518902,湯之谷,新潟県,魚沼市,奥只見浄化センター
020964,EL05538532601,安塚,新潟県,上越市,上越市安塚Ｂ＆Ｇ海洋センター(和田スポーツ公園)
020965,EL05540123302,大子,茨城県,大子町,大子町立依上小学校
020966,EL05537300202,氷見,富山県,氷見市,氷見市立灘浦中学校
020967,EL05537243402,宇奈月,富山県,黒部市,中ノ口緑地運動公園
020968,EL05537110201,新湊,富山県,射水市,射水市立東明小学校
020969,EL05436761403,福光,富山県,南砺市,南砺市立福光西部小学校
020970,EL05437516901,細入,富山県,富山市,細入村大沢野町学校組合立猪谷小学校跡地（現：富山市）
020971,EL05637101202,輪島２,石川県,輪島市,輪島市立南志見小学校
020972,EL05536677201,穴水,石川県,穴水町,穴水町立真名井幼稚園
020973,EL05436644301,松任,石川県,白山市,白山市立北星体育館
020974,EL05436227802,山中,石川県,加賀市,加賀市立菅谷小学校
020975,EL05436103302,福井,福井県,福井市,福井市立長橋小学校
020976,EL05336658202,和泉,福井県,大野市,大野市立和泉小中学校
020977,EL05336626702,福井池田,福井県,池田町,池田町Ｂ＆Ｇ海洋センター
020978,EL05335168002,福井小浜,福井県,小浜市,小浜市立今富小学校
020979,EL05338638502,山梨高根,山梨県,北杜市,北杜市立高根清里小学校(外来者用駐車場)
020980,EL05338570501,小菅,山梨県,小菅村,多摩源流小菅の湯(駐車場内工場裏手西奥)
020981,EL05338146802,上九一色,山梨県,富士河口湖町,富士河口湖町立上九一色中学校
020982,EL05538242901,長野栄,長野県,栄村,栄村立秋山小学校
020983,EL05538004702,戸隠,長野県,長野市,戸隠運動場横旧村有地
020984,EL05438602901,更埴,長野県,千曲市,千曲市立埴生中学校
020985,EL05438321901,望月,長野県,佐久市,佐久市望月総合体育館
020986,EL05337763201,木祖,長野県,木祖村,こもれび公園
020987,EL05338605702,高遠,長野県,伊那市,高遠町立高遠北小学校
020988,EL05337537602,王滝,長野県,王滝村,王滝村釣りキチ渓谷（駐車場）
020989,EL05337349902,大桑,長野県,大桑村,木曽ふれあいの郷フォレスパ木曽
020990,EL05437106601,清見,岐阜県,高山市,飛騨プラネタリウム
020991,EL05336466202,板取,岐阜県,関市,２１世紀の森
020992,EL05337222402,恵那,岐阜県,恵那市,恵那市立中野方小学校
020993,EL05336147303,揖斐川,岐阜県,揖斐川町,揖斐川町立小島小学校
020994,EL05237726002,土岐,岐阜県,土岐市,土岐市立曽木公民館
020995,EL05237542602,設楽,愛知県,設楽町,設楽町立田口小学校
020996,EL05237310201,岡崎,愛知県,岡崎市,岡崎市立岡崎小学校
020997,EL05237124703,豊橋２,愛知県,豊橋市,豊橋市立前芝中学校
020998,EL05236078501,南知多,愛知県,南知多町,深田池管理用地
020999,EL05136530702,大台,三重県,大台町,大台町中央公民館
021000,EL05035675403,紀和,三重県,熊野市,熊野市立入鹿小学校
021001,EL05335100702,福知山２,京都府,福知山市,福知山市北陵総合センター
021002,EL05335020701,綾部,京都府,綾部市,綾部市東部グラウンド
021003,EL05235558003,京北,京都府,京都市,右京区役所京北出張所　第二駐車場
021004,EL05135319706,阪南,大阪府,阪南市,阪南市立桃の木台小学校
021006,EL05234131003,赤穂,兵庫県,赤穂市,赤穂市立塩屋小学校
021007,EL05236005302,月ヶ瀬,奈良県,月ヶ瀬,月ヶ瀬村花ふるさとスポーツ公園
021008,EL05136519302,御杖,奈良県,御杖村,御杖村立御杖中学校
021009,EL05136305001,奈良川上,奈良県,川上村,川上武道場
021010,EL05135269803,天川,奈良県,天川村,天川村役場
021011,EL05035742401,龍神,和歌山県,田辺市,田辺市立龍神中学校
021012,EL05035470001,那智勝浦２,和歌山県,那智勝浦町,那智高原公園
021013,EL05035349201,日置川,和歌山県,白浜町,川添山村活性化支援センター
021014,EL05334213503,鳥取,鳥取県,鳥取市,鳥取市立賀露小学校
021015,EL05333230901,名和,鳥取県,大山町,大山町立名和中学校
021016,EL05333169902,羽合,鳥取県,湯梨浜町,湯梨浜町立羽合西小学校
021017,EL05334010201,佐治,鳥取県,鳥取市,鳥取市立佐治中学校
021018,EL05332179301,松江２,島根県,松江市,松江市立大野小学校
021019,EL05233717502,広瀬,島根県,安来市,宇波小学校
021020,EL05232777203,木次,島根県,雲南市,雲南市立斐伊小学校
021021,EL05232657301,佐田,島根県,出雲市,出雲市立窪田小学校
021022,EL05232433002,温泉津,島根県,大田市,大田市立井田小学校
021023,EL05232252401,羽須美,島根県,邑南町,羽須美村運動広場
021024,EL05232103802,弥栄,島根県,浜田市,浜田市営運動公園ゲートボール場
021025,EL05131764402,益田,島根県,益田市,益田市立西益田小学校
021026,EL05233753401,八束,岡山県,真庭市,真庭市中学校組合立蒜山中学校
021027,EL05233572301,鏡野,岡山県,鏡野町,鏡野町民グラウンド(サブグラウンド)
021028,EL05233068402,岡山１,岡山県,岡山市,岡山市立大井小学校
021029,EL05133770701,岡山２,岡山県,岡山市,岡山市立甲浦小学校
021030,EL05232474202,広島高野,広島県,庄原市,庄原市立高野中学校
021031,EL05132776203,世羅西,広島県,世羅町,世羅町立世羅西中学校
021032,EL05133723702,広島福山２,広島県,福山市,福山市立広瀬中学校
021033,EL05133611102,御調,広島県,尾道市,尾道市立御調中学校
021035,EL05132252501,蒲刈,広島県,呉市,呉市立蒲刈中学校
021036,EL05132048201,倉橋,広島県,呉市,鹿島社会教育施設（倉橋町立鹿島小学校跡地）
021037,EL05131253802,徳地,山口県,山口市,山口市立串小学校
021038,EL05132100402,周東,山口県,岩国市,岩国市立高森小学校
021039,EL05131002902,山陽,山口県,山陽小野田市,山陽町立津布田小学校
021040,EL05032601901,上関,山口県,上関町,上関町民グランド
021041,EL05034739601,佐那河内,徳島県,佐那河内村,佐那河内村立佐那河内中学校
021042,EL05034712601,木屋平,徳島県,美馬市,美馬市立木屋平中学校
021044,EL05134517402,土庄,香川県,土庄町,高見山公園
021045,EL05133379101,坂出,香川県,坂出市,坂出市立白峰中学校
021046,EL05033726802,新居浜,愛媛県,新居浜市,新居浜市立多喜浜小学校
021047,EL05033606302,丹原,愛媛県,西条市,西条市丹原文化会館
021048,EL05032367302,広田,愛媛県,砥部町,神の森公園
021049,EL04932756903,広見,愛媛県,鬼北町,鬼北町立三島小学校
021050,EL04932551002,津島,愛媛県,宇和島市,宇和島市立御槙小学校
021051,EL05033345201,土佐山,高知県,高知市,土佐山運動広場
021052,EL05033312202,池川,高知県,仁淀川町,仁淀川町池川自然学園
021053,EL05034109701,高知北川,高知県,北川村,北川村立小島小学校跡地
021054,EL05033009701,東津野,高知県,津野町,津野町立船戸小学校
021055,EL05034017601,室戸２,高知県,室戸市,室戸市佐喜浜出張所
021056,EL04932673702,大正,高知県,四万十町,四万十町立田野々小学校
021058,EL04932365602,中村,高知県,四万十市,四万十市立中筋小学校
021059,EL04932048401,宿毛,高知県,宿毛市,宿毛市立沖の島小中学校
021060,EL05030751701,北九州１,福岡県,北九州市,北九州市立花房小学校安屋分校
021061,EL05030674701,北九州２,福岡県,北九州市,北九州市立松ケ江南小学校
021062,EL05030421301,福岡,福岡県,福岡市,勝馬公園
021063,EL05030259402,桂川,福岡県,桂川町,桂川町立桂川小学校
021064,EL05030277901,築城,福岡県,築上町,築上町立寒田小学校
021065,EL05030200602,二丈,福岡県,二丈町,二丈町立福吉小学校
021066,EL04930705701,多久,佐賀県,多久市,多久市立緑が丘小学校
021067,EL04929468902,川棚,長崎県,川棚町,川棚町立川棚小学校
021068,EL04929172602,長崎２,長崎県,長崎市,長崎市立橘小学校
021069,EL04930447902,三加和,熊本県,和水町,和水町立三加和中学校
021070,EL04930369902,菊池,熊本県,菊池市,菊池市立水源小学校
021071,EL04930055901,城南,熊本県,城南町,城南町Ｂ＆Ｇ海洋センター
021073,EL04830467601,五木,熊本県,五木村,ゲートボール場
021074,EL04830414401,新和,熊本県,天草市,天草市立新和中学校
021075,EL04830451201,球磨,熊本県,球磨村,球磨村公民館川島分館
021076,EL04830375802,熊本水上,熊本県,水上村,水上村立岩野小学校
021077,EL05031241102,豊後高田,大分県,豊後高田市,豊後高田市立田染小学校
021078,EL05031026302,院内,大分県,宇佐市,宇佐市立南部小学校
021079,EL04931551902,臼杵,大分県,臼杵市,臼杵市立南中学校
021080,EL04932302302,米水津,大分県,佐伯市,佐伯市立向陽小学校間越分校
021081,EL04931237501,緒方,大分県,豊後大野市,豊後大野市立長谷川集会所
021082,EL04931252001,宇目,大分県,佐伯市,ふれあいセンター宇目
021083,EL04831623901,諸塚,宮崎県,諸塚村,池の窪グリーンパーク
021084,EL04831347602,東郷,宮崎県,日向市,市営住宅寺迫団地
021085,EL04831123702,西都,宮崎県,西都市,西都市立三納中学校
021086,EL04831020002,綾,宮崎県,綾町,綾町立綾中学校
021087,EL04730675801,都城２,宮崎県,都城市,宮崎県御池少年自然の家
021088,EL04731534701,宮崎,宮崎県,宮崎市,宮崎市立青島中学校
021089,EL04730459801,隼人,鹿児島県,霧島市,霧島市隼人体育館
021090,EL04730277901,大隅,鹿児島県,曽於市,旧曽於市立月野中学校
021091,EL04730124702,金峰,鹿児島県,南さつま市,南さつま市立金峰中学校
021092,EL04730045302,喜入,鹿児島県,鹿児島市,喜入総合運動場
021093,EL04630669901,大根占,鹿児島県,錦江町,錦江町立池田中学校
021094,EL03927476902,与那城,沖縄県,うるま市,うるま市立伊計小中学校
021095,EL03927367001,北谷,沖縄県,北谷町,北谷町立桑江中学校
021096,EL03927253403,那覇,沖縄県,那覇市,ひよどり公園
021098,EL03653374801,南鳥島,東京都,小笠原村,気象庁測候所
021099,EL05437143402,乗鞍岳,岐阜県,高山市,東京大学宇宙線研究所　乗鞍観測所
021100,EL05338053801,富士山,静岡県,富士宮市,富士山測候所
021101,EL05236542005,大安Ａ,三重県,いなべ市,いなべ市立石榑小学校
031102,EL05238718402,静岡畑薙Ａ,静岡県,静岡市,畑薙第一ダム
031103,EL05237336301,作手,愛知県,新城市,新城市立巴小学校
031104,EL05136675802,鳥羽２,三重県,鳥羽市,鳥羽市立神島中学校
031105,EL05136464402,磯部,三重県,志摩市,志摩市立磯部小学校
031106,EL05136335101,紀勢,三重県,大紀町,紀勢町児童館
031107,EL05036711102,三重熊野２,三重県,熊野市,熊野市立新鹿小学校
031108,EL05135158902,大塔,奈良県,五條市,大塔運動場
031109,EL05135120302,金屋,和歌山県,有田川町,有田川町立五西月小学校
031110,EL05035632102,南部川,和歌山県,みなべ町,みなべ町立清川中学校
031111,EL05035565902,熊野川,和歌山県,新宮市,新宮市立熊野川中学校
031112,EL05035337202,白浜,和歌山県,白浜町,白浜町立富田小学校
031113,EL05035262603,古座,和歌山県,串本町,古座町大型共同作業場
031114,EL05034741001,徳島勝浦,徳島県,勝浦町,勝浦町立勝浦中学校
031116,EL05034538802,相生,徳島県,那賀町,那賀町立相生小学校
031117,EL05032241501,大洲,愛媛県,大洲市,大洲市立冨士山公園（とみすやま）
031118,EL04932624802,宇和島２,愛媛県,宇和島市,宇和島市立戸島小学校
031119,EL05033235401,伊野,高知県,いの町,いの町立伊野中学校
031120,EL05033255502,吉川,高知県,香南市,ミニさくら公園
031121,EL05034004402,室戸３,高知県,室戸市,潮害防備保安林
031122,EL04934711401,室戸４,高知県,室戸市,県道室戸公園線山頂駐車場
031123,EL04932777702,檮原２,高知県,檮原町,檮原町高齢者コミュニティーセンター
031124,EL04932467501,中村２,高知県,四万十市,旧中村市立勝間小学校跡
031125,EL04932274801,土佐清水２,高知県,土佐清水市,土佐清水市立布小学校（H21.4.1休校）
031126,EL04932161401,土佐清水３,高知県,土佐清水市,土佐清水市立貝ノ川小学校
031127,EL05337563502,木曽駒ヶ岳,長野県,駒ヶ根市,国有林１１０林班ロ小班
031128,EL05336058803,岐阜Ａ,岐阜県,岐阜市,岐阜県立岐南工業高校
041129,EL05136732403,嬉野,三重県,松阪市,旧中郷小学校
041130,EL05035449702,和歌山大塔,和歌山県,田辺市,富里若者広場
041131,EL05033476501,物部,高知県,香美市,旧岡ノ内小・中学校
041132,EL05033205301,久万高原,愛媛県,久万高原町,旧中津小学校跡地
041133,EL04932434901,愛南,愛媛県,愛南町,愛南町立内海中学校
041134,EL05032076301,檮原Ａ,高知県,檮原町,檮原町立檮原中学校
041135,EL05333158503,東伯Ａ,鳥取県,琴浦町,琴浦町立浦安幼稚園
041136,EL05237054003,雄踏Ａ,静岡県,浜松市,浜松市立雄踏保育園
041137,EL04931439004,直入Ａ,大分県,竹田市,竹田市直入総合支所
041138,EL05437649702,立山Ａ,富山県,立山町,ホテル立山
041139,EL05136344304,南島Ａ,三重県,南伊勢町,なかよし保育園
051140,EL03036501602,沖ノ鳥島,東京都,小笠原村,東小島
051141,EL04932572602,四万十,高知県,四万十市,四万十市立大用中学校
051142,EL04932351402,宿毛２,高知県,宿毛市,宿毛市立咸陽小学校
051143,EL05236321303,土山Ａ,滋賀県,甲賀市,甲賀市立土山中学校
051144,EL05238366302,戸田Ｂ,静岡県,沼津市, 
051145,EL05841228203,岩手川崎Ａ,岩手県,一関市,一関市立薄衣小学校
051146,EL05135130402,和歌山清水Ａ,和歌山県,有田川町,有田川町立清水保育園
051147,EL05131065601,徳山Ａ,山口県,周南市,周南市周南緑地公園（東５）
061148,EL05136558802,伊勢,三重県,伊勢市,伊勢市立倉田山中学校
061149,EL05136355501,南伊勢,三重県,南伊勢町,南伊勢町民グランド
061150,EL06340676102,壮瞥Ａ,北海道,壮瞥町,道の駅「そうべつサムズ」
061151,EL05132559201,東広島Ａ,広島県,東広島市,東広島市立志和中学校
071152,EL05033374301,安芸２,高知県,安芸市,畑山公民館
071153,EL05034502902,那賀,徳島県,那珂町,那賀町立北川小学校
071154,EL05035522401,みなべ,和歌山県,みなべ町,小目津公園
071155,EL05035379702,那智勝浦３,和歌山県,那智勝浦町,宇久井小学校
071156,EL05036508102,御浜,三重県,御浜町,寺谷総合公園
071157,EL05132427702,広島２Ａ,広島県,広島市,佐伯運動公園
071158,EL05536460104,志賀Ａ,石川県,志賀町,志賀町立志賀中学校
071159,EL05941003405,花巻Ａ,岩手県,花巻市,花巻市立西南中学校
071160,EL05237050702,浜松Ａ,静岡県,浜松市,本町公園
071161,EL05237031503,豊橋Ａ,静岡県,豊橋市,豊橋市立小沢小学校
071162,EL05739641203,新潟山北,新潟県,村上市,村上高等学校山北分校跡地
071163,EL05439722202,群馬利根Ａ,群馬県,沼田市,根利牧場
071164,EL05132629101,戸河内Ａ,広島県,安芸太田町,道の駅　来夢とごうち
081165,EL04932747702,宇和島３,愛媛県,宇和島市,三間町運動公園
081166,EL04933518702,四万十町,高知県,四万十町,興津崎灯台
081167,EL05334234902,温泉Ａ,兵庫県,新温泉町,健康公園
081168,EL04829669201,長崎Ａ,長崎県,長崎市,脇岬ふれあい公園
081169,EL04930071805,矢部Ａ,熊本県,山都町,中央グラウンド
081170,EL05235664102,京都左京１Ａ,京都府,京都市,京都市立花脊小学校・中学校敷地内
081171,EL05339550101,練馬Ａ,東京都,練馬区,しゃらのき児童遊園
081172,EL04933409803,高知佐賀Ａ,高知県,黒潮町,黒潮町立佐賀中学校
081173,EL06241610103,椴法華Ａ,北海道,函館市,函館市立椴法華中学校
091174,EL06040629303,西目屋Ａ,青森県,西目屋村,田代憩いの広場
091175,EL06140370902,平内Ａ,青森県,平内町,夜越山森林公園
091176,EL05640060401,福島川内Ａ,福島県,川内村,川内村コミュニティセンター
091177,EL06542070503,新得２Ａ,北海道,新得町,新得町立富村牛小中学校
091178,EL05138712705,御前崎Ａ,静岡県,御前崎市,おまえざき公園
091179,EL05740360001,仙台,宮城県,仙台市,仙台市天文台
091180,EL05334320601,岩美Ａ,鳥取県,岩美町,岩美町立岩美北小学校
101181,EL05540771902,楢葉Ａ,福島県,楢葉町,楢葉町公民館分館
101182,EL06445744003,根室１Ａ,北海道,根室市,根室市じん芥焼却場
101183,EL05239306701,伊東Ａ,静岡県,伊東市,伊東市立竹の台幼稚園
111184,EL05941478703,田老Ａ,岩手県,宮古市,宮古市立田老第一小学校
111185,EL05740273202,仙台太白,宮城県,仙台市,仙台市立四郎丸小学校
111186,EL05639518702,水原Ａ,新潟県,阿賀野市,阿賀野市水原野球場
11S070,EL05640376802,Ｓ南相馬Ａ,福島県,南相馬市,道の駅「南相馬」
92106,EL05239400601,宇佐美,静岡県,伊東市,宇佐美コミュニティセンタ－
92110,EL05440102601,つくば１,茨城県,つくば市,国土交通省国土地理院
93001,EL05439345302,佐野,栃木県,佐野市,佐野市立吾妻中学校
93002,EL05440311302,八郷,茨城県,石岡市,石岡市立芦穂小学校
93003,EL05439264402,三和,茨城県,古河市,三和町諸川コミュニティーパーク
93004,EL05440241301,鉾田,茨城県,鉾田市,鉾田市立諏訪小学校
93005,EL05439124702,江南,埼玉県,熊谷市,江南浄水場
93006,EL05440121702,出島,茨城県,かすみがうら市,かすみがうら市立北中学校
93007,EL05439150002,久喜,埼玉県,久喜市,埼玉県農林総合研究センター園芸研究所
93008,EL05439061302,庄和,埼玉県,春日部市,春日部市立富多小学校
93009,EL05340754202,茨城鹿嶋,茨城県,鹿嶋市,独立行政法人　情報通信研究機構　鹿島宇宙センター
93010,EL05340736201,桜川,茨城県,稲敷市,稲敷市立桜川中学校
93011,EL05339731701,川越,埼玉県,川越市,川越市立今成小学校
93012,EL05339772902,守谷,茨城県,守谷市,守谷市立けやき台中学校
93013,EL05339752201,大宮,埼玉県,さいたま市,さいたまスポーツクラブ
93014,EL05340614102,利根,茨城県,利根町,利根町立文小学校
93015,EL05340536202,大栄,千葉県,成田市,成田市立川上小学校
93016,EL05339563501,足立,東京都,足立区,一ツ家中央公園
93018,EL05340504101,白井,千葉県,白井市,白井市立大山口小学校
93019,EL05339435902,小金井,東京都,小金井市,独立行政法人　情報通信研究機構
93020,EL05340426501,富里,千葉県,富里市,富里市立向台幼稚園
93021,EL05340553102,干潟,千葉県,旭市,旭市万歳自然公園
93022,EL05340467601,銚子,千葉県,銚子市,銚子市立第三中学校
93023,EL05339471202,千葉市川,千葉県,市川市,南行徳公園
93024,EL05340337502,千葉松尾,千葉県,山武市,松尾運動公園
93025,EL05340215401,千葉緑,千葉県,千葉市,千葉県農林総合研究センター
93026,EL05339257303,神奈川川崎,神奈川県,川崎市,川崎市立玉川小学校
93027,EL05340223501,大網白里,千葉県,大網白里町,大網白里町立大網中学校
93028,EL05339232701,町田,東京都,町田市,町田市立南第一小学校
93029,EL05339127501,厚木,神奈川県,厚木市,荻野運動公園
93030,EL05340103402,市原１,千葉県,市原市,市原市立有秋西小学校
93031,EL05339009302,山北,神奈川県,山北町,山北町立三保中学校
93032,EL05339152202,横浜,神奈川県,横浜市,横浜市立北方小学校(校舎屋上・屋上塔屋内)
93033,EL05340120602,長生,千葉県,長生村,尼ヶ台総合公園
93034,EL05239739702,藤沢,神奈川県,藤沢市,藤沢市八部公園（鵠沼運動公園）
93035,EL05239726103,二宮,神奈川県,二宮町,第３遊園地(秋葉公園）
93036,EL05239767601,富津,千葉県,富津市,富津市立富津小学校
93037,EL05240719101,市原２,千葉県,市原市,市原市立加茂中学校
93038,EL05238778002,御殿場,静岡県,御殿場市,御殿場市桜公園
93039,EL05239567702,鋸南,千葉県,鋸南町,鋸南町学校給食センター
93041,EL05240529102,勝浦,千葉県,勝浦市,勝浦市立荒川小学校跡地
93042,EL05239507802,湯河原,神奈川県,湯河原町,湯河原町立湯河原中学校
93043,EL05238573202,静岡清水町,静岡県,清水町,清水町総合運動公園
93044,EL05240503601,鴨川,千葉県,鴨川市,鴨川市営総合運動施設
93045,EL05239770603,鹿野山,千葉県,君津市,国土地理院鹿野山測地観測所
93046,EL05238471902,大仁,静岡県,伊豆の国市,さつきヶ丘公園
93047,EL05239364901,館山,千葉県,館山市,館山市収集管理センター
93048,EL05239312003,小室山,静岡県,伊東市,伊東市小室山公園
93049,EL05238279301,天城湯ヶ島１,静岡県,伊豆市,伊豆市立月ヶ瀬小学校
93050,EL05237250302,引佐,静岡県,浜松市,浜松市引佐総合事務所　多目的研修センター（駐車場）
93051,EL05239134003,大島１,東京都,大島町,大島町立第二中学校
93052,EL05238104101,掛川,静岡県,掛川市,掛川市立城北小学校
93053,EL05238170901,河津,静岡県,河津町,河津町立河津中学校
93055,EL05239032401,大島２,東京都,大島町,大島町立第三中学校
93057,EL05139424001,新島,東京都,新島村,新島村立新島中学校
93058,EL05139214002,神津島１,東京都,神津島村,神津島村開発総合センター
93059,EL05139144003,三宅１,東京都,三宅村,三宅村立三宅中学校
93060,EL05139047303,三宅２,東京都,三宅村,三宅村立坪田中学校
93061,EL05239300103,中伊豆,静岡県,伊豆市,丸野高原観光施設「万天の湯」（旧国民宿舎中伊豆荘）
93062,EL05239205902,伊東八幡野,静岡県,伊東市,伊東市営いがいが根駐車場
93063,EL05339426101,秋川,東京都,あきる野市,楓ヶ原公園
93064,EL05338374802,山梨大月,山梨県,大月市,大月市営総合グランド陸上競技場
93065,EL05339313201,藤野,神奈川県,相模原市,相模原市立日連小学校
93066,EL05339111601,秦野,神奈川県,秦野市,菩提峠
93067,EL05239752301,横須賀,神奈川県,横須賀市,不入斗運動公園
93068,EL05239609302,箱根,神奈川県,箱根町,箱根町立箱根明星中学校
93069,EL05338133502,中富,山梨県,身延町,山梨県峡南地方勤労青年センター（常駐管理者不在）
93070,EL05338169502,富士吉田,山梨県,富士吉田市,富士吉田市立下吉田東小学校
93071,EL05338043502,富士宮１,静岡県,富士宮市,富士宮市立井之頭保育園
93072,EL05238766101,裾野１,静岡県,裾野市,静岡県水ヶ塚公園
93073,EL05238734501,南部,山梨県,南部町,南部町立睦合小学校
93074,EL05238624001,静岡１,静岡県,静岡市,井川開拓牧場
93075,EL05238644902,富士宮２,静岡県,富士宮市,学校法人静岡理工科大学星陵高等学校
93076,EL05238650701,富士,静岡県,富士市,静岡県立吉原工業高等学校
93077,EL05238448101,静岡清水市１,静岡県,静岡市,静岡市水道局八木間ポンプ場第一取水井
93078,EL05238522902,静岡２,静岡県,静岡市,野田平共同製茶組合
93079,EL05238512001,本川根,静岡県,川根本町,川根本町立本川根小学校
93081,EL05238338001,静岡３,静岡県,静岡市,静岡市城北公園
93084,EL05237459502,東栄,愛知県,東栄町,東栄町立東栄中学校
93085,EL05238163201,西伊豆,静岡県,西伊豆町,西伊豆町　先川浄水場
93086,EL05138763701,南伊豆２,静岡県,南伊豆町,石廊崎ジャングルパーク駐車場
93088,EL05238302501,川根,静岡県,島田市,島田市立川根小学校
93089,EL05237271402,静岡森,静岡県,森町,森町立森中学校
93090,EL05237362501,天竜,静岡県,浜松市,浜松市立竜川中学校跡地
93091,EL05238110002,静岡相良１,静岡県,牧之原市,牧之原市菊川市学校組合立牧之原中学校
93092,EL05238018801,榛原,静岡県,牧之原市,牧之原市立川崎小学校
93093,EL05238005402,大東１,静岡県,掛川市,掛川市立佐束小学校
93094,EL05138717002,浜岡１,静岡県,御前崎市,御前崎市立浜岡中学校
93095,EL05237070401,浅羽,静岡県,袋井市,浅羽球技場
93096,EL05237170201,袋井,静岡県,袋井市,袋井市小鳩公園
93097,EL05237165303,浜北,静岡県,浜松市,浜松市立北浜小学校
93098,EL05237060502,竜洋,静岡県,磐田市,磐田市立竜洋東小学校
93099,EL05237342602,鳳来,愛知県,新城市,新城市立長篠保育園
93102,EL05237233402,愛知一宮町,愛知県,豊川市,豊川市立一宮東部小学校
93103,EL05237147403,三ヶ日,静岡県,浜松市,浜松市立三ヶ日西小学校
93104,EL05237046102,湖西,静岡県,湖西市,湖西運動公園（駐車場）
95105,EL05239414303,初島,静岡県,熱海市,初島公園
95113,EL04939564301,八丈,東京都,八丈町,八丈町富士野球場
101181,EL05540771902,楢葉Ａ,福島県,楢葉町,楢葉町公民館分館
101182,EL06445744003,根室１Ａ,北海道,根室市,根室市じん芥焼却場
101183,EL05239306701,伊東Ａ,静岡県,伊東市,伊東市立竹の台幼稚園
940001,EL06841068002,稚内,北海道,稚内市,声問公園
940002,EL06643512703,興部,北海道,興部町,興部町立沙留小学校
940003,EL06641467002,羽幌,北海道,羽幌町,羽幌町築別集会所
940004,EL06544659401,斜里,北海道,斜里町,オホーツク霊園
940005,EL06544230502,弟子屈,北海道,弟子屈町,釧路圏摩周観光文化センター
940007,EL06542330801,美瑛,北海道,美瑛町,美瑛町立美瑛中学校
940008,EL06541642001,増毛,北海道,増毛町,ホテルオーベルジュましけ
940009,EL06445418003,浜中,北海道,浜中町,アゼチ岬駐車場
940010,EL06444335401,釧路市,北海道,釧路市,釧路市立朝陽小学校
940011,EL06443433601,池田,北海道,池田町,池田町立高島町民センター
940012,EL06442337202,占冠,北海道,占冠村,占冠村運動公園
940013,EL06441601202,小樽１,北海道,小樽市,小樽市平磯公園
940014,EL06441357801,長沼,北海道,長沼町,長沼第五小学校跡地（町有地）
940015,EL06343328602,広尾,北海道,広尾町,シーサイドパーク広尾
940016,EL06342422902,静内,北海道,新ひだか町,清水丘幼児公園
940017,EL06339564803,瀬棚,北海道,せたな町,瀬棚地区農村公園　隣地
940018,EL06340474502,室蘭,北海道,室蘭市,白鳥台５丁目５号公園
940019,EL06343010202,えりも１,北海道,えりも町,えりも町スポーツ公園
940020,EL06339148101,奥尻１,北海道,奥尻町,うにまる公園
940021,EL06340000801,乙部,北海道,乙部町,元和台海浜公園
940022,EL06240559902,函館,北海道,函館市,函館市立北美原小学校
940023,EL06240105301,松前,北海道,松前町,松前町営牧場
940024,EL06141716702,むつ,青森県,むつ市,むつ市立第一田名部小学校
940026,EL06140123102,鰺ヶ沢,青森県,鰺ヶ沢町,鰺ヶ沢町立鳴沢小学校
940027,EL06041166301,久慈,岩手県,久慈市,久慈市立宇部小学校
940028,EL05941278501,宮古,岩手県,宮古市,宮古市立津軽石中学校
940029,EL05841513602,水沢１,岩手県,奥州市,水沢測地観測所
940030,EL05939766201,男鹿１,秋田県,男鹿市,男鹿市立男鹿北中学校
940031,EL05940007301,本荘,秋田県,由利本荘市,由利本荘市石脇公園
940032,EL05839267401,酒田,山形県,酒田市,酒田市緑ヶ丘二丁目公園
940033,EL05840121503,山形新庄,山形県,新庄市,新庄市東山公園
940035,EL05740329901,天童,山形県,天童市,天童市東長岡公園
940036,EL05741533502,女川,宮城県,女川町,女川町総合運動場
940037,EL05740378602,利府,宮城県,利府町,利府町立第二小学校
940038,EL05640576202,相馬１,福島県,相馬市,相馬市立養護学校
940040,EL05639367301,山都,福島県,喜多方市,東小川健康公園
940041,EL05540570202,いわき,福島県,いわき市,いわき市フラワーセンター
940042,EL05440644802,日立,茨城県,日立市,日立市立金沢小学校
940043,EL05439458801,栃木,栃木県,栃木市,栃木市総合運動公園
940044,EL05538073202,新治,群馬県,みなかみ町,みなかみ町立須川小学校
940045,EL05438361902,富岡,群馬県,富岡市,富岡市学校給食センター
940046,EL05437569802,大町,長野県,大町市,大町市立仁科台中学校
940047,EL05337770503,箕輪,長野県,箕輪町,箕輪町立箕輪西小学校
940048,EL05338340601,中道,山梨県,甲府市,山梨県曽根丘陵公園
940049,EL05739247002,村上,新潟県,村上市,村上市運動公園
940050,EL05638677902,新潟,新潟県,新潟市,新潟市立青山小学校
940051,EL05638047501,柏崎１,新潟県,柏崎市,柏崎市立松浜中学校
940052,EL05537331802,入善,富山県,入善町,入善町立上青小学校
940053,EL05636075102,輪島,石川県,輪島市,輪島市立大屋小学校
940054,EL05436759101,内灘,石川県,内灘町,内灘町総合公園
940055,EL05436217301,三国,福井県,坂井市,坂井市立加戸小学校
940056,EL05336302801,敦賀,福井県,敦賀市,敦賀市愛発プール
940057,EL05335215801,宮津,京都府,宮津市,宮津市立栗田小学校
940058,EL05437126701,高山,岐阜県,高山市,高山市立岩滝小学校
940059,EL05337516902,下呂,岐阜県,下呂市,下呂市立下呂小学校
940060,EL05336273202,美濃,岐阜県,美濃市,美濃市立中有知小学校
940061,EL05337037702,中津川,岐阜県,中津川市,中津川市立阿木小学校
940062,EL05236511203,八日市,滋賀県,東近江市,東近江市立八日市西小学校
940063,EL05237505303,日進,愛知県,日進市,日進市民会館
940064,EL05236141002,津,三重県,津市,津市立一身田小学校
940065,EL05136565801,鳥羽,三重県,鳥羽市,鳥羽市立鳥羽東中学校
940066,EL05136017502,尾鷲,三重県,尾鷲市,尾鷲市立尾鷲中学校
940067,EL05235240001,箕面,大阪府,箕面市,箕面市立第二総合運動場
940068,EL05135467802,奈良吉野,奈良県,吉野町,吉野町立吉野小学校
940069,EL05135118702,和歌山海南,和歌山県,海南市,海南市立第二中学校
940070,EL05035168101,串本,和歌山県,串本町,串本町立綿富小学校
940071,EL05234144403,兵庫御津,兵庫県,たつの市,たつの市立御津幼稚園
940072,EL05334320603,岩美,鳥取県,岩美町,岩美町立岩美北小学校
940074,EL05333102403,松江,島根県,松江市,松江市立湖南中学校
940075,EL05232410603,江津,島根県,江津市,江津市立高角小学校
940076,EL05131743802,須佐,山口県,萩市,萩市立須佐中学校
940077,EL05133645202,笠岡,岡山県,笠岡市,笠岡市立吉田小学校
940078,EL05132440602,広島熊野,広島県,熊野町,熊野町立熊野中学校
940079,EL05030779303,下関,山口県,下関市,下関市立垢田中学校
940080,EL05134304102,高松,香川県,高松市,香川県立高松南高等学校
940081,EL05034751001,阿南１,徳島県,阿南市,阿南市立阿南第一中学校
940082,EL04934707901,室戸,高知県,室戸市,独立行政法人国立室戸少年自然の家
940083,EL05033243602,高知,高知県,高知市,高知市立十津小学校
940084,EL04933712901,中土佐１,高知県,中土佐町,中土佐町立上ノ加江中学校
940085,EL04932170702,土佐清水,高知県,土佐清水市,土佐清水市立中浜小学校
940086,EL05032126202,伊方,愛媛県,伊方町,国道197号沿い
940087,EL05030437802,古賀,福岡県,古賀市,古賀市立古賀中学校
940088,EL05031155502,安岐,大分県,国東市,国東市高齢者生活福祉センター（やすらぎ）
940089,EL04930779701,日田,大分県,日田市,日田市立有田小学校
940090,EL04931370001,大分佐伯,大分県,佐伯市,佐伯市立下堅田小学校
940091,EL05029167801,玄海,佐賀県,玄海町,玄海町立仮屋小学校
940093,EL04830655103,千丁,熊本県,八代市,北村農村公園
940094,EL04831553003,日向,宮崎県,日向市,大王谷運動公園
940095,EL04831032702,佐土原,宮崎県,宮崎市,宮崎市立久峰中学校
940096,EL04830011501,阿久根,鹿児島県,阿久根市,グランビューあくね
940097,EL04730230703,鹿児島１,鹿児島県,鹿児島市,錦江ゴルフクラブ敷地内
940098,EL04630721301,枕崎,鹿児島県,枕崎市,台場公園
940099,EL04631701701,内之浦,鹿児島県,肝付町,肝付町総合グラウンド（駐車場）
942004,EL04730171001,鹿屋,鹿児島県,鹿屋市,気象庁地磁気観測所鹿屋出張所
950101,EL06842010302,猿払,北海道,猿払村,猿払村営牧場
950102,EL06741703302,礼文,北海道,礼文町,礼文町立尺忍小学校跡地
950103,EL06742440202,枝幸,北海道,枝幸町,北緯４５度記念広場
950104,EL06741257902,天塩,北海道,天塩町,天塩町いつくしま公園
950105,EL06742027101,音威子府,北海道,音威子府村,音威子府村山村広場
950106,EL06641521602,天売島,北海道,羽幌町,羽幌町役場天売支所
950107,EL06642355001,下川,北海道,下川町,下川町桜ヶ丘公園
950108,EL06644007201,常呂,北海道,北見市,豊川地区農村公園
950109,EL06645012402,羅臼,北海道,羅臼町,羅臼町有地
950110,EL06642010201,幌加内,北海道,幌加内町,幌加内町立幌加内中学校
950111,EL06643020602,丸瀬布,北海道,遠軽町,丸瀬布中央公民館
950112,EL06443277402,音別,北海道,釧路市,釧路市立音別中学校
950113,EL06544275801,中標津,北海道,中標津町,中標津町立広陵中学校
950114,EL06543661202,北見,北海道,北見市,北見市心身障害者共同作業所工房とみさと(駐車場)
950115,EL06545319001,標津,北海道,標津町,標津町役場
950116,EL06544069102,別海１,北海道,別海町,西公民館
950117,EL06541038402,厚田,北海道,石狩市,厚田公園
950118,EL06545005901,別海２,北海道,別海町,別海町交流センター「郊楽苑」
950119,EL06545064403,根室２,北海道,根室市,根室市立珸瑤瑁小学校
950120,EL06440745703,積丹,北海道,積丹町,Ｂ＆Ｇ財団積丹海洋センター
950121,EL06443744402,足寄,北海道,足寄町,足寄町有地
950122,EL06444627602,鶴居,北海道,鶴居村,鶴居村有地
950123,EL06443627301,上士幌,北海道,上士幌町,上士幌町中央公園
950124,EL06444514001,阿寒１,北海道,釧路市,釧路市立阿寒中学校
950125,EL06444466702,厚岸,北海道,厚岸町,道の駅「厚岸」（厚岸味覚ターミナル・コンキリエ）
950126,EL06440436902,泊,北海道,泊村,泊村公民館
950127,EL06440348302,共和,北海道,共和町,森林健康公園
950128,EL06441326301,札幌,北海道,札幌市,札幌市北方自然教育園
950129,EL06440272002,京極,北海道,京極町,京極町立京極小学校
950130,EL06440146802,蘭越,北海道,蘭越町,黄金公園
950131,EL06440114802,寿都,北海道,寿都町,寿都町立寿都中学校
950132,EL06441067902,厚真,北海道,厚真町,かしわ公園
950133,EL06442027303,平取,北海道,平取町,鉄道記念公園
950134,EL06443003802,中札内,北海道,中札内村,中島農業センター
950135,EL06441000501,大滝,北海道,伊達市,伊達市基幹集落センター
950136,EL06341748802,苫小牧,北海道,苫小牧市,緑ヶ丘公園
950137,EL06340767602,洞爺,北海道,洞爺湖町,とうやクリーナップセンター
950138,EL06343636602,大樹,北海道,大樹町,大樹町営晩成牧場
950139,EL06341625802,白老,北海道,白老町,町民ふれあい広場
950140,EL06340529802,長万部,北海道,長万部町,長万部慈恵園
950141,EL06342507402,門別,北海道,門別町,デイ・サービスセンター（やすらぎ荘）
950142,EL06342249503,三石,北海道,新ひだか町,新ひだか町特別養護老人ホーム蓬莱荘
950143,EL06340229003,八雲,北海道,八雲町,八雲スポーツ公園
950144,EL06342175401,様似,北海道,様似町,アポイの火まつり資材センター
950145,EL06340105002,熊石,北海道,八雲町,八雲町有地（青少年旅行村）
950146,EL06340141502,北海道森,北海道,森町,オニウシ公園
950147,EL06340065402,鹿部,北海道,鹿部町,山村広場
950149,EL06240321501,知内,北海道,知内町,知内町有地（学校跡地）
950150,EL06240174003,佐井,青森県,佐井村,佐井村立原田小学校(H18年度廃校)
950151,EL06140455002,蟹田,青森県,外ヶ浜町,蟹田一本松地区公園
950152,EL06141326902,六ヶ所,青森県,六ヶ所村,六ヶ所村立第一中学校
950153,EL06041715502,十和田,青森県,十和田市,十和田市立ちとせ小学校
950154,EL06039679402,岩崎,青森県,深浦町,深浦町岩崎スポーツセンター
950155,EL06040642602,大鰐,青森県,大鰐町,大鰐町立蔵館小学校
950156,EL06041641003,八戸,青森県,八戸市,八戸市立小中野中学校
950157,EL06041304602,田子,青森県,田子町,田子町立上郷小学校
950158,EL06041458701,種市,岩手県,洋野町,洋野町立種市小学校
950159,EL06041324301,二戸,岩手県,二戸市,二戸市立中央小学校
950160,EL06041035601,葛巻,岩手県,葛巻町,葛巻町総合運動公園
950161,EL05941717802,岩手,岩手県,岩手町,岩手町立沼宮内中学校
950162,EL05941674602,岩泉１,岩手県,岩泉町,岩泉町立小本小学校　大牛内分校
950163,EL05941612302,玉山,岩手県,盛岡市,盛岡市総合運動公園
950164,EL05941661403,岩泉２,岩手県,岩泉町,岩泉町立岩泉中学校
950165,EL05940474701,雫石,岩手県,雫石町,雫石町総合運動公園
950166,EL05941311302,矢巾,岩手県,矢巾町,矢巾町間野々公民館
950167,EL05941174601,山田,岩手県,山田町,山田町立町民グランド
950169,EL05941040202,遠野,岩手県,遠野市,遠野市立遠野中学校
950170,EL05841760301,釜石,岩手県,釜石市,釜石市立甲子中学校
950171,EL05841452902,大船渡,岩手県,大船渡市,大船渡市森林総合利用施設フレアイランド尾崎岬
950172,EL05841248502,気仙沼,宮城県,気仙沼市,気仙沼市立気仙沼小学校
950173,EL05840177901,栗駒,宮城県,栗原市,栗原市立栗駒中学校
950174,EL05840069402,鳴子,宮城県,大崎市,大崎市市営放牧場
950175,EL05841031502,志津川,宮城県,南三陸町,南三陸町立志津川小学校
950176,EL05741614101,涌谷,宮城県,涌谷町,涌谷町町民医療福祉センター
950177,EL05740469802,宮城大和,宮城県,大和町,学校法人　東北理工専門学校
950178,EL05740254102,宮城川崎,宮城県,川崎町,川崎町立川内小学校
950179,EL05740063702,亘理,宮城県,亘理町,亘理町立亘理中学校
950180,EL05640738502,七ヶ宿,宮城県,七ヶ宿町,七ヶ宿町立関小学校
950181,EL06040349601,大館,秋田県,大館市,大館市立第二中学校
950182,EL06040322101,藤里,秋田県,藤里町,藤里町立藤里小学校
950183,EL06040265201,鹿角,秋田県,鹿角市,鹿角市役所
950184,EL06040209302,能代,秋田県,能代市,能代地区土地改良区
950185,EL06040030202,阿仁,秋田県,北秋田市,北秋田市立阿仁合小学校
950186,EL05940712001,五城目,秋田県,五城目町,馬川地区公民館
950187,EL05940449701,西木,秋田県,仙北市,西木総合健康増進センター
950188,EL05940318802,河辺,秋田県,秋田市,秋田市立河辺小学校
950189,EL05940235001,西仙北,秋田県,大仙市,大仙市立西仙北東中学校
950190,EL05840749402,横手,秋田県,横手市,横手市立朝倉小学校
950191,EL05839674202,象潟,秋田県,にかほ市,にかほ市民野球場（九十九島球場）
950192,EL05840519201,鳥海,秋田県,由利本荘市,由利本荘市立直根小学校
950193,EL05840456001,皆瀬,秋田県,湯沢市,湯沢市市営皆瀬野球場
950194,EL05839642302,飛島,山形県,酒田市,国土地理院飛鳥験潮場
950195,EL05839171602,立川,山形県,庄内町,旧庄内町南部児童館
950196,EL05739761603,朝日,山形県,鶴岡市,鶴岡市本郷地区山村広場
950197,EL05739157901,山形小国,山形県,小国町,越中里活性化センター
950198,EL05640705701,米沢,山形県,米沢市,米沢市立六郷小学校
950199,EL05740203602,白鷹,山形県,白鷹町,白鷹町立鮎貝小学校
950200,EL05640431702,福島,福島県,福島市,福島市立金谷川小学校
950201,EL05640267001,浪江,福島県,浪江町,浪江町立津島小学校
950202,EL05640208503,猪苗代１,福島県,猪苗代町,猪苗代町営磐梯山牧場
950203,EL05641204002,小高,福島県,南相馬市,南相馬市立福浦小学校
950204,EL05639146202,金山,福島県,金山町,金山町中川運動場
950205,EL05540759203,滝根,福島県,田村市,田村市立滝根中学校
950206,EL05539726903,只見,福島県,只見町,只見町立朝日中学校
950207,EL05539743001,福島南郷,福島県,南会津町,南会津町和泉田農村環境改善センター
950209,EL05539761901,下郷,福島県,下郷町,下郷町立下郷中学校
950210,EL05540525001,白河,福島県,白河市,白河市立白河第四小学校
950211,EL05540540402,古殿,福島県,古殿町,古殿町立古殿中学校
950212,EL05540233302,矢祭,福島県,矢祭町,矢祭町立関岡小学校
950213,EL05440728302,美和,茨城県,常陸大宮市,花立自然公園
950214,EL05540166003,北茨城,茨城県,北茨城市,北茨城市民体育館
950215,EL05440403602,岩瀬,茨城県,桜川市,桜川市立坂戸小学校
950216,EL05440431802,水戸,茨城県,水戸市,水戸市立吉田小学校
950217,EL05540202301,大田原,栃木県,大田原市,大田原東地区公民館
950218,EL05439749902,日光,栃木県,日光市,日光市立小来川小中学校
950219,EL05439771301,宇都宮,栃木県,宇都宮市,宇都宮市立海道小学校
950220,EL05539112702,片品,群馬県,片品村,片品村寄居山公園
950221,EL05438640401,嬬恋,群馬県,嬬恋村,嬬恋村立鎌原小学校
950222,EL05439520602,桐生,群馬県,桐生市,桐生市立教育研究所
950223,EL05339708602,秩父,埼玉県,秩父市,秩父市立秩父第二中学校
950224,EL05339667302,越谷,埼玉県,越谷市,越谷市東越谷第二公園
950225,EL05340308301,千葉花見川,千葉県,千葉市,幕張舟溜跡公園
950226,EL05240639001,千葉大原,千葉県,いすみ市,いすみ市大原グラウンド
950227,EL05239470702,丸山,千葉県,南房総市,千倉海岸三原地区
950228,EL05339359001,世田谷,東京都,世田谷区,日本大学文理学部グラウンド
950229,EL05339010302,大井,神奈川県,大井町,大井町立相和小学校
950230,EL05239712101,小田原,神奈川県,小田原市,久野兎河原公園
950231,EL05739525002,粟島浦,新潟県,粟島浦村,栗島漁港（漁港環境整備施設用地）
950232,EL05738348102,両津１,新潟県,佐渡市,佐渡市立内海府中学校
950233,EL05738037701,両津２,新潟県,佐渡市,佐渡市立河崎小学校
950234,EL05639721802,新発田,新潟県,新発田市,新発田市立東中学校
950235,EL05638527101,小木,新潟県,佐渡市,小木漁港（漁港環境整備施設用地）
950236,EL05639432801,鹿瀬,新潟県,阿賀町,鹿瀬保育園
950237,EL05638460202,寺泊,新潟県,長岡市,長岡市野積河川公園
950238,EL05639309402,新潟加茂,新潟県,加茂市,新潟県立加茂農林高等学校
950239,EL05638176903,栃尾,新潟県,長岡市,長岡市立秋葉中学校
950240,EL05538767303,小千谷,新潟県,小千谷市,小千谷市立小千谷中学校
950241,EL05538627603,大潟,新潟県,上越市,上越市立大潟町中学校
950242,EL05538579402,新潟大和,新潟県,南魚沼市,南魚沼市公民館
950243,EL05538509802,名立,新潟県,上越市,シーサイドパーク名立
950244,EL05538449802,松之山,新潟県,十日町市,特別養護老人ホーム不老閣
950245,EL05537465901,糸魚川１,新潟県,糸魚川市,糸魚川市立糸魚川東小学校
950246,EL05538369602,塩沢,新潟県,南魚沼市,南魚沼市大原運動公園
950247,EL05538213501,妙高高原,新潟県,妙高市,妙高高原スポーツ公園
950248,EL05536078901,高岡,富山県,高岡市,高岡市立木津小学校
950249,EL05437716502,富山,富山県,富山市,富山市立新保小学校
950250,EL05437639503,大山,富山県,富山市,ウェルサンピア立山（富山厚生年金休暇センター）
950251,EL05436478302,上平,富山県,南砺市,南砺市立上平中学校
950252,EL05636672303,舳倉島,石川県,輪島市,輪島市立鳳至小・上野台中学校舳倉島分校
950253,EL05637123103,珠洲,石川県,珠洲市,野々江総合公園
950255,EL05436437103,小松,石川県,小松市,ふれあい健康広場
950256,EL05436159002,白峰,石川県,白山市,白峰温泉の里「御前荘」
950257,EL05436127202,丸岡,福井県,坂井市,丸岡運動公園
950258,EL05336748002,大野,福井県,大野市,大野市立有終東小学校
950259,EL05335773901,越前,福井県,越前町,越前町立四ヶ浦小学校
950260,EL05336515502,今庄,福井県,南越前町,南越前町立湯尾小学校
950261,EL05335274202,三方,福井県,若狭町,若狭町立明倫小学校
950262,EL05335145802,大飯,福井県,おおい町,おおい町立大飯中学校
950263,EL05338622502,小淵沢,山梨県,北杜市,北杜市立小淵沢小学校
950264,EL05338459503,牧丘,山梨県,牧丘町,山梨市立牧丘第二小学校
950265,EL05538136402,山ノ内,長野県,山ノ内町,山ノ内町立北小学校
950266,EL05537064902,白馬,長野県,白馬村,白馬村村営北部グランド
950267,EL05438719901,長野,長野県,長野市,長野市北堀公園
950268,EL05438426502,東部,長野県,東御市,田沢地区農業集落排水処理場
950269,EL05438451101,軽井沢,長野県,軽井沢町,軽井沢町矢ヶ崎公園
950270,EL05437378202,豊科,長野県,安曇野市,県民豊科運動広場
950271,EL05438215703,和田,長野県,長和町,長和町在宅介護支援センター
950272,EL05438135602,八千穂,長野県,佐久穂町,佐久穂町千ケ日向総合グウランド
950273,EL05437174802,塩尻,長野県,塩尻市,長野県畜産試験場
950274,EL05337554503,上松,長野県,上松町,上松町天狗山公園
950275,EL05338206302,大鹿,長野県,大鹿村,大鹿村中央構造線博物館
950276,EL05337262501,飯田,長野県,飯田市,飯田市立丸山小学校
950277,EL05237778402,南信濃,長野県,飯田市,飯田市Ｂ＆Ｇ海洋センター
950278,EL05237649702,根羽,長野県,根羽村,根羽村山村広場駐車場
950279,EL05437410101,宮川,岐阜県,飛騨市,飛騨市　宮川スポーツ公園
950280,EL05436073602,荘川,岐阜県,高山市,高山市立荘川小学校
950281,EL05337746201,高根,岐阜県,高山市,高根町緑地広場
950282,EL05336664902,白鳥,岐阜県,郡上市,白鳥町ふれあい広場公園
950283,EL05336570802,八幡,岐阜県,郡上市,八幡町小野第２公園
950284,EL05337338302,付知,岐阜県,中津川市,旧付知町学校給食センター
950285,EL05336336901,藤橋,岐阜県,揖斐川町,森林生態学習舎「自然舎」
950286,EL05336345801,根尾,岐阜県,本巣市,根尾村淡墨公園
950287,EL05337313301,加茂白川,岐阜県,白川町,白川町立白川北小学校
950288,EL05336158401,本巣,岐阜県,本巣市,本巣市総合運動場
950289,EL05337107902,八百津,岐阜県,八百津町,八百津町立八百津中学校
950291,EL05336044301,垂井,岐阜県,垂井町,垂井町立東幼稚園
950292,EL05337004802,多治見,岐阜県,多治見市,多治見市旭ヶ丘公園
950293,EL05237731202,串原,岐阜県,恵那市,サンホールくしはら
950294,EL05236647701,南濃,岐阜県,海津市,海津市立城山小学校
950295,EL05237473802,春野,静岡県,浜松市,浜松市立春野北小学校
950296,EL05238348102,静岡清水市２,静岡県,静岡市,東海大学海洋学部
950297,EL05238273302,天城湯ヶ島２,静岡県,伊豆市,伊豆市鉢窪浄水場前道路脇
950298,EL05336070403,愛知大口,愛知県,大口町,大口町二ツ屋公園
950299,EL05236662601,甚目寺,愛知県,甚目寺町,甚目寺町立南中学校
950300,EL05237526001,愛知豊田,愛知県,豊田市,豊田市立中金小学校
950301,EL05237424502,下山,愛知県,豊田市,豊田市立下山中学校
950302,EL05237309401,知立,愛知県,知立市,知立市立八ッ田小学校
950303,EL05237320301,額田,愛知県,岡崎市,岡崎市立額田中学校
950304,EL05236168902,常滑１,愛知県,常滑市,常滑市小脇公園
950305,EL05237105902,幡豆,愛知県,幡豆町,幡豆町立幡豆小学校
950306,EL05137727201,田原,愛知県,田原市,田原市立神戸小学校
950307,EL05137703502,渥美,愛知県,田原市,田原市立亀山小学校
950309,EL05236259003,楠,三重県,四日市市,楠プラザ　楠公民館
950310,EL05236019401,上野,三重県,伊賀市,伊賀市教育研究センター
950311,EL05136645402,松阪,三重県,松阪市,松阪市立徳和小学校
950312,EL05136521601,飯高,三重県,松阪市,松阪市立飯高東中学校
950314,EL05136360502,志摩,三重県,志摩市,志摩市志摩総合スポーツ公園
950315,EL05036605602,三重熊野,三重県,熊野市,熊野市立有馬小学校
950316,EL05036408002,鵜殿,三重県,紀宝町,紀宝町立うどの幼稚園
950317,EL05336216502,余呉,滋賀県,余呉町,（旧）余呉町立片岡小学校
950318,EL05336105402,マキノ,滋賀県,高島市,マキノ林間スポーツセンター多目的グラウンド
950319,EL05335072303,朽木,滋賀県,高島市,高島市立朽木東小学校
950320,EL05236708502,安曇川,滋賀県,高島市,高島市立本庄小学校
950321,EL05236712803,彦根,滋賀県,彦根市,大藪児童公園
950322,EL05235566901,大津１,滋賀県,大津市,修景保全対策事業記念公園
950323,EL05236318103,水口,滋賀県,甲賀市,水口町さつきが丘中央公園
950324,EL05235372202,大津２,滋賀県,大津市,大津市立南郷小学校
950326,EL05236204402,信楽,滋賀県,甲賀市,甲賀市立信楽中学校
950327,EL05335510302,丹後,京都府,京丹後市,京丹後市立宇川小学校
950328,EL05334276403,久美浜,京都府,京丹後市,京丹後市立川上小学校
950329,EL05235715303,福知山,京都府,福知山市,福知山市立日新中学校
950331,EL05235529902,瑞穂,京都府,京丹波町,グリーンランドみずほ
950332,EL05235449503,亀岡,京都府,亀岡市,亀岡市旭公園
950333,EL05235358302,京都西京,京都府,京都市,京都市立大枝中学校
950334,EL05235069902,京都加茂,京都府,木津川市,加茂町赤田川町民グラウンド
950335,EL05235153402,交野,大阪府,交野市,交野市立岩船小学校
950336,EL05235041101,大阪,大阪府,大阪市,銅座公園
950337,EL05135633801,堺,大阪府,堺市,堺市立八田荘小学校
950338,EL05135557001,河南,大阪府,河南町,河南町立中村小学校
950339,EL05135540602,河内長野,大阪府,河内長野市,河内長野市立美加の台中学校
950340,EL05135428901,熊取,大阪府,熊取町,熊取町立北小学校
950341,EL05334142602,村岡,兵庫県,香美町,兵庫県立兎和野高原野外教育センター
950342,EL05234767501,和田山,兵庫県,朝来市,兵庫県立農林水産技術総合センター北部農業技術センター
950343,EL05235512402,西紀,兵庫県,篠山市,篠山市立西紀小学校
950344,EL05234541602,兵庫一宮,兵庫県,宍粟市,宍粟市立神戸小学校
950345,EL05234570702,山南,兵庫県,丹波市,丹波市立和田中学校
950346,EL05234339202,南光,兵庫県,佐用町,佐用町スポーツ公園「若あゆランド」
950347,EL05234368103,兵庫市川,兵庫県,市川町,市川町立川辺小学校
950348,EL05235327601,猪名川,兵庫県,猪名川町,猪名川町立大島小学校
950349,EL05235313401,三田,兵庫県,三田市,三田市立長坂中学校
950350,EL05234247303,新宮,兵庫県,たつの市,たつの市立越部小学校
950351,EL05235117702,神戸北,兵庫県,神戸市,神戸市藤原山公園
950352,EL05234176903,三木,兵庫県,三木市,三木市立三木幼稚園
950353,EL05235124701,宝塚,兵庫県,宝塚市,宝塚市立西山小学校
950354,EL05234164601,加古川,兵庫県,加古川市,加古川市立東神吉南小学校
950355,EL05235036002,西宮,兵庫県,西宮市,西宮市立小松小学校
950356,EL05235012303,神戸中央,兵庫県,神戸市,神戸市大倉山公園
950357,EL05234040103,家島,兵庫県,姫路市,姫路市Ｂ＆Ｇ海洋センター
950358,EL05234070705,明石,兵庫県,明石市,明石市立鳥羽小学校
950359,EL05135609102,淡路,兵庫県,淡路市,淡路市立岩屋中学校
950360,EL05134569803,淡路一宮,兵庫県,淡路市,淡路市立尾崎小学校
950361,EL05134471001,洲本,兵庫県,洲本市,兵庫県立洲本実業高等学校
950362,EL05134450802,西淡,兵庫県,南あわじ市,南あわじ市立御原中学校
950363,EL05134256801,南淡,兵庫県,南あわじ市,旧阿万中学校校庭
950364,EL05136608402,室生,奈良県,宇陀市,宇陀市立西谷小学校
950365,EL05135654801,広陵,奈良県,広陵町,広陵町立真美ヶ丘第一小学校
950366,EL05135456602,五條,奈良県,五條市,五條市立北宇智小学校
950367,EL05135074702,下北山,奈良県,下北山村,下北山村立下北山中学校
950368,EL05135320801,打田,和歌山県,紀の川市,紀の川市若もの広場
950369,EL05135302502,和歌山,和歌山県,和歌山市,和歌山市立少年自然の家
950370,EL05135246701,高野,和歌山県,高野町,高野町立高野山中学校
950371,EL05035735002,和歌山美山,和歌山県,日高川町,笠松小学校
950372,EL05035619402,川辺,和歌山県,日高川町,御坊市川辺町学校組合立大成中学校
950373,EL05035567202,本宮,和歌山県,田辺市,田辺市立請川小学校
950374,EL05035544001,中辺路,和歌山県,田辺市,緑の郷古道ヶ丘
950375,EL05035439102,田辺,和歌山県,田辺市,田辺市立会津小学校
950376,EL05035370302,那智勝浦,和歌山県,那智勝浦町,那智勝浦町立下里中学校
950377,EL05035240701,すさみ１,和歌山県,すさみ町,すさみ町立江住中学校
950378,EL05334104301,鹿野,鳥取県,鳥取市,鹿野町運動広場
950379,EL05333031503,溝口,鳥取県,伯耆町,伯耆町立溝口中学校　寄宿舎「青雲寮」
950380,EL05234711801,智頭,鳥取県,智頭町,智頭町立智頭中学校
950381,EL05233529402,日南,鳥取県,日南町,日南町農林業担い手研修施設イチイ荘
950382,EL05433314902,五箇,島根県,隠岐の島町,旧五箇中学校
950383,EL05432171802,西ノ島,島根県,西ノ島町,西ノ島町立浦郷小学校
950384,EL05332057902,出雲,島根県,出雲市,出雲市立高浜小学校
950385,EL05232673901,仁多,島根県,奥出雲町,三成公園
950386,EL05232642002,大田,島根県,大田市,大田市立大田第一中学校
950387,EL05232452703,赤来,島根県,飯南町,飯南町立赤来中学校
950388,EL05231172301,三隅,島根県,浜田市,浜田市立岡見小学校
950389,EL05233761301,中和,岡山県,真庭市,市営国民宿舎津黒高原荘
950390,EL05234521501,岡山大原,岡山県,美作市,美作市民グラウンド
950391,EL05234412802,作東,岡山県,美作市,バレンタインパーク作東
950392,EL05233450802,落合,岡山県,真庭市,真庭市立木山小学校
950393,EL05233377602,岡山中央,岡山県,美咲町,美咲町立加美小学校
950394,EL05233147701,高梁,岡山県,高梁市,神原スポーツ公園
950395,EL05233174402,岡山御津,岡山県,岡山市,岡山市立御津中学校
950396,EL05134718302,邑久,岡山県,瀬戸内市,東備西播開発有料道路（岡山ブルーライン）P.A.「一本松展望園」
950397,EL05133562302,倉敷１,岡山県,倉敷市,倉敷市立下津井西小学校
950398,EL05233303902,西城,広島県,庄原市,庄原市立西城中学校
950399,EL05232027201,芸北,広島県,北広島町,北広島町芸北支所
950400,EL05232041303,千代田,広島県,北広島町,北広島町立千代田中学校
950401,EL05233000802,上下,広島県,府中市,府中市山村集落振興施設　矢野文化会館
950402,EL05132668503,豊栄,広島県,東広島市,東広島市立豊栄中学校
950403,EL05132634701,広島１,広島県,広島市,可部運動公園　野球場
950405,EL05133405002,三原,広島県,三原市,三原運動公園
950407,EL05131532301,萩１,山口県,萩市,萩国際大学
950408,EL05130375501,豊北,山口県,下関市,下関市豊北総合運動公園
950409,EL05131344501,阿東,山口県,阿東町,阿東町立篠目小学校跡地
950410,EL05131371602,錦,山口県,岩国市,岩国市立錦中学校
950411,EL05131222702,美東,山口県,美祢市,美祢市立綾木小学校
950412,EL05131046201,防府,山口県,防府市,防府市立玉祖小学校
950413,EL05031727202,宇部,山口県,宇部市,宇部市立川上中学校
950414,EL05032707801,柳井,山口県,柳井市,柳井市立柳井中学校
950415,EL05134121802,徳島吉野,徳島県,阿波市,阿波市立柿原小学校
950416,EL05134047402,徳島,徳島県,徳島市,徳島市立富田中学校
950417,EL05134006301,美馬,徳島県,美馬市,美馬市立美馬中学校
950418,EL05134014802,山川,徳島県,吉野川市,山川町総合スポーツ運動場
950419,EL05033752401,山城,徳島県,三好市,三好市塩塚高原ふれあい広場
950420,EL05034635102,上勝,徳島県,上勝町,上勝町旭農村公園
950421,EL05034605401,一宇,徳島県,つるぎ町,剣山スキー場
950422,EL05034559302,阿南２,徳島県,阿南市,阿南市立椿保育所
950423,EL05034447203,日和佐,徳島県,美波町,国土交通省日和佐国道出張所
950424,EL05034324903,徳島海南,徳島県,海陽町,南阿波ピクニック公園
950425,EL05134526502,内海,香川県,小豆島町,内海総合運動公園
950426,EL05134310902,香川大川,香川県,さぬき市,大川町みろく自然公園
950427,EL05133256701,三野,香川県,三豊市,三豊市立大見小学校
950428,EL05133058102,豊浜,香川県,観音寺市,観音寺市南部多目的集会場
950429,EL05133179401,琴南,香川県,まんのう町,まんのう町交通公園
950430,EL05132079902,今治,愛媛県,今治市,大新田公園
950431,EL05033742302,伊予三島,愛媛県,四国中央市,四国中央市翠波高原
950432,EL05033710602,西条,愛媛県,西条市,西条市立玉津小学校
950433,EL05032575201,愛媛川内,愛媛県,東温市,南方東公園
950434,EL05032456402,伊予,愛媛県,伊予市,三秋大原コミュニティ施設（三秋集会所）　
950435,EL05032278502,美川,愛媛県,久万高原町,大川嶺牧場
950436,EL05032153503,肱川,愛媛県,大洲市,大洲市立肱川風の博物館・歌麿館
950437,EL04932345402,御荘,愛媛県,愛南町,愛南町立平城小学校
950438,EL05033552202,大豊,高知県,大豊町,アルティ300れいほく21世紀センター
950439,EL05033368401,香北,高知県,香美市,香美市青少年センター
950440,EL05034302801,馬路,高知県,馬路村,ヤナセオートキャンプ場
950441,EL05034223202,東洋,高知県,東洋町,東洋町役場
950442,EL05033270202,安芸,高知県,安芸市,安芸市立安芸中学校
950443,EL05033126202,佐川,高知県,佐川町,高知県畜産試験場
950444,EL05034101001,高知田野,高知県,田野町,田野町ふれあい広場
950445,EL05033038201,須崎,高知県,須崎市,横浪こどもの森駐車場
950447,EL04932660302,西土佐,高知県,四万十市,四万十市立西土佐中学校
950448,EL04932378902,大方,高知県,黒潮町,黒潮町立南部保育所
950449,EL04932250602,高知大月,高知県,大月町,旧大月町立弘見中学校
950450,EL05030224003,前原,福岡県,前原市,前原市立怡土小学校
950451,EL05030240101,筑紫野,福岡県,筑紫野市,筑紫野市二日市公園
950452,EL05030165601,小石原,福岡県,東峰村,東峰村立小石原小学校
950453,EL04930644502,八女,福岡県,八女市,八女市立南中学校
950454,EL04930722102,佐賀,佐賀県,佐賀市,佐賀市立鍋島小学校
950455,EL04930501701,佐賀鹿島,佐賀県,鹿島市,鹿島市立西部中学校
950456,EL05129738801,上対馬,長崎県,対馬市,国民宿舎上対馬荘
950457,EL05129322401,美津島,長崎県,対馬市,対馬市立鶏知中学校
950458,EL05029459803,石田,長崎県,壱岐市,ふれあいの森広場
950459,EL05029043202,平戸,長崎県,平戸市,ライフカントリー平戸市総合運動公園
950460,EL04929457501,西海,長崎県,西海市,西海市西海北運動場
950461,EL04930224102,長崎国見,長崎県,雲仙市,雲仙市立神代小学校
950462,EL04928060701,福江,長崎県,五島市,五島市建設課維持係資材置場
950463,EL04830716202,加津佐,長崎県,南島原市,南島原市立野田小学校
950464,EL04930342301,玉名,熊本県,玉名市,玉名市立玉名中学校
950465,EL04930261102,熊本,熊本県,熊本市,学校法人九州測量専門学校
950466,EL04931008702,清和,熊本県,山都町,清和高原天文台
950467,EL04829379802,天草,熊本県,天草市,天草市大江農村広場
950468,EL04830345002,芦北,熊本県,芦北町,芦北町立佐敷中学校
950469,EL04830268402,熊本相良,熊本県,相良村,相良村村有地
950470,EL05031440501,大分国見,大分県,国東市,国東市立竹田津小学校
950471,EL05031119302,本耶馬渓,大分県,中津市,禅海ふれあい広場
950472,EL04931720702,湯布院,大分県,由布市,由布市屋外総合運動場
950473,EL04931668302,佐賀関,大分県,大分市,大分市立こうざき小学校
950474,EL04931421203,久住,大分県,竹田市,竹田市立久住中学校
950475,EL04931348702,大分三重,大分県,豊後大野市,豊後大野市総合競技場
950476,EL04931064001,北川,宮崎県,北川町,北川町鏡山牧場
950477,EL04931022603,日之影,宮崎県,日之影町,日之影町立高巣野小学校
950478,EL04831514101,椎葉,宮崎県,椎葉村,椎葉村総合運動公園
950479,EL04831219401,西米良,宮崎県,西米良村,天包高原広場
950480,EL04831240102,川南,宮崎県,川南町,川南町立国光原中学校
950481,EL04731705601,野尻,宮崎県,野尻町,野尻町農村環境改善センター
950482,EL04731408101,都城,宮崎県,都城市,横市市民広場
950483,EL04731421901,北郷,宮崎県,日南市,北郷町農村公園
950484,EL04731116701,串間１,宮崎県,串間市,串間市総合運動公園
950485,EL04830046701,鹿児島大口,鹿児島県,伊佐市,大口市文化会館
950486,EL04730662001,牧園,鹿児島県,霧島市,牧園総合支所
950487,EL04729562302,鹿児島鹿島,鹿児島県,薩摩川内市,鹿島村蘭牟田村有地
950488,EL04730426203,串木野,鹿児島県,いちき串木野市,いちき串木野市立串木野小学校
950489,EL04730364601,鹿児島福山,鹿児島県,霧島市,霧島市福地地区体育館
950490,EL04630658102,指宿,鹿児島県,指宿市,指宿西公園
950491,EL04630552702,佐多,鹿児島県,南大隅町,南大隅町さたでいランド
950492,EL04530673701,中種子,鹿児島県,中種子町,中種子中央運動公園
950493,EL04530455103,上屋久１,鹿児島県,上屋久町,上屋久町肉用牛繁殖育成センター
950494,EL04229437903,名瀬,鹿児島県,奄美市,奄美市あかざき公園
950495,EL04028433402,与論,鹿児島県,与論町,与論町立与論中学校
950496,EL04027073101,本部,沖縄県,本部町,本部町立上本部中学校
950497,EL03831519801,南大東,沖縄県,南大東村,南大東村ひかり公園
950498,EL03725120902,城辺,沖縄県,宮古島市,宮古島市いこいの森
950499,EL03622574502,与那国,沖縄県,与那国町,与那国町立久部良中学校
950500,EL03623561301,西表島,沖縄県,竹富町,竹富町立うえはら幼稚園
960501,EL06741516302,利尻,北海道,利尻町,久連自治会館
960502,EL06642679701,雄武,北海道,雄武町,雄武町テニスコート
960503,EL06643246902,湧別,北海道,湧別町,湧別町総合体育館
960504,EL06643203601,滝上,北海道,滝上町,滝上町役場
960505,EL06544728302,網走,北海道,網走市,網走市立南小学校
960506,EL06542649601,愛別,北海道,愛別町,愛別町立愛別小学校
960507,EL06544509902,美幌,北海道,美幌町,ひがしまち公園
960508,EL06542438203,旭川,北海道,旭川市,旭川市立東光小学校
960509,EL06541468901,北竜,北海道,北竜町,北竜町Ｂ＆Ｇ海洋センター
960510,EL06542572202,上川,北海道,上川町,層雲峡青少年旅行村
960511,EL06543440601,置戸,北海道,置戸町,置戸町排雪センター
960512,EL06445627002,根室３,北海道,根室市,根室市立厚床中学校
960513,EL06544102602,阿寒２,北海道,釧路市,釧路市立阿寒湖中学校
960514,EL06542030101,富良野,北海道,富良野市,富良野市立扇山小学校
960515,EL06444746701,標茶,北海道,標茶町,駒ヶ丘総合公園
960516,EL06441679101,三笠,北海道,三笠市,三笠運動公園
960517,EL06440665802,小樽２,北海道,小樽市,忍路漁港
960518,EL06442569402,新得,北海道,新得町,新得町総合体育館（サホロアリーナ）
960519,EL06445643103,根室４,北海道,根室市,根室市立落石小学校
960520,EL06441449301,江別,北海道,江別市,江別市立野幌中学校
960521,EL06443312301,帯広,北海道,帯広市,あずさ公園
960522,EL06441246602,恵庭,北海道,恵庭市,恵庭市立恵庭小学校
960523,EL06441132202,千歳,北海道,千歳市,千歳市立支笏湖小学校
960525,EL06340666103,虻田,北海道,洞爺湖町,洞爺湖町立虻田小学校
960526,EL06340576001,伊達,北海道,伊達市,伊達市市民プール
960527,EL06339037502,奥尻２,北海道,奥尻町,奥尻町総合研修センター
960528,EL06340154302,砂原,北海道,森町,ふるさと交流館
960529,EL06240757702,七飯,北海道,七飯町,七飯町立軍川小学校
960530,EL06240506502,上ノ国,北海道,上ノ国町,洲根子岬灯台
960531,EL06444357701,釧路町,北海道,釧路町,釧路町立仙鳳趾小学校
960532,EL06343125503,えりも２,北海道,えりも町,猿留川
960533,EL06241038502,東通,青森県,東通村,東通村立尻屋小学校
960534,EL06140632901,今別,青森県,今別町,今別町立今別中学校
960535,EL06140567502,脇野沢,青森県,むつ市,むつ市立脇野沢小学校
960537,EL06141213002,野辺地,青森県,野辺地町,野辺地町立野辺地小学校
960538,EL06140044702,浪岡,青森県,青森市,青森市立浪岡中学校
960539,EL06141031001,三沢,青森県,三沢市,三沢市木崎野公園
960540,EL06040734801,弘前,青森県,弘前市,弘前市立北小学校
960541,EL06040767402,黒石,青森県,黒石市,黒石市立大川原小学校沖揚平分校
960542,EL06140239601,金木,青森県,五所川原市,金木町芦野グラウンド
960543,EL05941704502,岩手松尾,岩手県,八幡平市,松尾総合支所
960544,EL05940062102,湯田,岩手県,西和賀町,西和賀町立湯本小学校
960546,EL05841547602,住田,岩手県,住田町,住田町運動公園
960547,EL05941351401,川井,岩手県,川井村,特別養護老人ホーム「心生苑」多目的広場
960548,EL05740665702,色麻,宮城県,色麻町,色麻町青少年体力増強施設（テニスコート）
960549,EL05741511702,矢本,宮城県,東松島市,東松島市立矢本東小学校
960550,EL05741346001,牡鹿,宮城県,石巻市,石巻市牡鹿清崎総合運動公園
960551,EL05939666701,男鹿２,秋田県,男鹿市,男鹿市立船川第一小学校
960552,EL05940509303,天王,秋田県,潟上市,潟上市立天王南中学校
960553,EL05940454801,田沢湖,秋田県,仙北市,仙北市立生保内中学校
960554,EL05840643002,湯沢,秋田県,湯沢市,湯沢市立岩崎小学校
960555,EL05839471402,遊佐,山形県,遊佐町,遊佐町立遊佐中学校
960556,EL05740529902,村山,山形県,村山市,村山市立西郷小学校
960557,EL05740127101,上山,山形県,上山市,上山市立南小学校
960559,EL05640313601,猪苗代２,福島県,猪苗代町,猪苗代町中ノ沢運動場
960560,EL05640324901,二本松,福島県,二本松市,あだたら高原野営場
960561,EL05640110001,福島郡山２,福島県,郡山市,郡山市少年湖畔の村
960562,EL05540769602,福島川内,福島県,川内村,川内村第５区生活改善センター
960563,EL05539541601,舘岩,福島県,南会津町,南会津町青少年センター跡
960564,EL05739036601,黒川,新潟県,胎内市,胎内市立黒川中学校
960565,EL05738022901,金井,新潟県,佐渡市,佐渡市立金井中学校
960566,EL05638254601,出雲崎,新潟県,出雲崎町,出雲崎町立出雲崎中学校
960567,EL05638041101,柏崎２,新潟県,柏崎市,柏崎市立鯨波小学校
960568,EL05539708102,守門,新潟県,魚沼市,魚沼市立守門中学校
960569,EL05538416902,新井,新潟県,妙高市,妙高市立斐太北小学校
960570,EL05537374102,糸魚川２,新潟県,糸魚川市,糸魚川市立根知小学校
960571,EL05639500501,小須戸,新潟県,新潟市,新潟市立小須戸中学校
960572,EL05537028902,滑川,富山県,滑川市,滑川市立南部小学校
960573,EL05437707202,砺波,富山県,砺波市,砺波海洋センターマリーナ（駐車場）
960574,EL05537716101,能都,石川県,能登町,能登町立武道場（雄志館）
960575,EL05536558701,富来,石川県,志賀町,志賀町立増穂小学校
960576,EL05536574902,能登島,石川県,七尾市,七尾市立能登島中学校
960577,EL05536168002,押水,石川県,宝達志水町,宝達志水町立押水中学校
960578,EL05436444802,鳥越,石川県,白山市,白山市立鳥越小学校（駐車場）
960579,EL05336716401,鯖江,福井県,鯖江市,鯖江市立神明小学校
960580,EL05336600402,河野,福井県,南越前町,南越前町立河野中学校
960581,EL05540039901,里美,茨城県,常陸太田市,里美運動公園
960582,EL05439376901,下館,茨城県,筑西市,筑西市立養蚕小学校
960583,EL05439173401,石下,茨城県,常総市,常総市立飯沼小学校
960584,EL05440013601,阿見,茨城県,阿見町,阿見町立阿見第二小学校
960585,EL05540314301,那須,栃木県,那須町,那須町伊王野山村ひろば
960586,EL05539367402,塩原,栃木県,那須塩原市,那須塩原市立塩原中学校
960587,EL05539163803,塩谷,栃木県,塩谷町,塩谷町立玉生小学校
960588,EL05540013202,烏山,栃木県,那須烏山市,那須烏山市立七合小学校
960589,EL05439734901,足尾,栃木県,日光市,日光市横根山園地
960590,EL05440615402,茂木,栃木県,茂木町,茂木町立並松運動公園
960591,EL05438743702,草津,群馬県,草津町,草津町立草津小学校
960592,EL05439208501,藤岡,群馬県,藤岡市,ふじの咲く丘
960593,EL05438177202,万場,群馬県,神流町,みかぼ高原荘
960594,EL05239131401,大島３,東京都,大島町,大島公園
960595,EL05239028803,大島４,東京都,大島町,大島町椿公園
960596,EL05139622103,利島,東京都,利島村,利島村清掃センター
960597,EL05139319602,式根島,東京都,新島村,式根島スポーツ広場
960598,EL05139218102,神津島２,東京都,神津島村,名組湾赤崎トンネル入口
960599,EL05139141401,三宅３,東京都,三宅村,三七山スポーツ公園
960600,EL05139039802,三宅４,東京都,三宅村,三宅村立阿古小学校
960601,EL05039646902,御蔵島,東京都,御蔵島村,村道島分線終点駐車場
960602,EL04839565101,青ヶ島,東京都,青ヶ島村,向沢取水場
960603,EL03942716302,母島,東京都,小笠原村,評議平運動場
960604,EL03741123503,硫黄島１,東京都,小笠原村,海上自衛隊硫黄島航空基地
960605,EL03741120302,硫黄島２,東京都,小笠原村,国有林
960606,EL05338357501,山梨一宮,山梨県,笛吹市,笛吹市いちのみや桃の里スポーツ公園
960607,EL05339201201,道志,山梨県,道志村,道志村林間広場
960608,EL05437278802,松本,長野県,松本市,松本市立清水中学校
960609,EL05437267902,梓川,長野県,松本市,松本市立梓川小学校
960610,EL05438334901,佐久,長野県,佐久市,佐久市立平根小学校
960611,EL05437150402,奈川,長野県,松本市,奈川村農村公園
960612,EL05438013703,茅野,長野県,茅野市,茅野市立北部中学校
960613,EL05338746601,川上,長野県,川上村,川上村農村総合文化センター
960614,EL05337645701,三岳,長野県,木曽町,木曽町北部分館前共有地
960615,EL05337477801,駒ヶ根,長野県,駒ヶ根市,駒ヶ根市立中沢小学校
960616,EL05337051402,浪合,長野県,阿智村,阿智村村有地（通称：馬の背）
960617,EL05436371201,大野白川,岐阜県,白川村,白川村防災グランド
960618,EL05437324901,上宝,岐阜県,高山市,高山市立北稜中学校
960619,EL05337619602,萩原,岐阜県,下呂市,下呂市立萩原北中学校
960620,EL05238262201,賀茂,静岡県,西伊豆町,西伊豆町営宇久須キャンプ場
960621,EL05238674402,裾野２,静岡県,裾野市,裾野市立深良中学校
960622,EL05238001702,小笠,静岡県,菊川市,菊川市立小笠南幼稚園
960623,EL05238011401,静岡相良２,静岡県,牧ノ原市,静岡県相良地殻変動観測施設
960624,EL05138709302,大東２,静岡県,掛川市,掛川市立大浜中学校
960625,EL05138716202,浜岡２,静岡県,御前崎市,御前崎市立浜岡東小学校
960626,EL05238475202,沼津,静岡県,沼津市,沼津市立静浦東小学校
960627,EL05440102605,つくば３,茨城県,つくば市,国土交通省国土地理院
960628,EL05238073501,下田,静岡県,下田市,下田市立稲生沢中学校
960629,EL05237608502,瀬戸,愛知県,瀬戸市,瀬戸市立西陵小学校
960630,EL05236670702,名古屋,愛知県,名古屋市,名古屋地方気象台
960631,EL05236368902,知多,愛知県,知多市,知多市立新知小学校
960632,EL05236268602,常滑２,愛知県,常滑市,常滑市立鬼崎南小学校
960633,EL05236456502,桑名,三重県,桑名市,江場ポンプ場
960634,EL05236232102,関,三重県,亀山市,亀山市立関小学校
960635,EL05136727602,白山,三重県,津市,八ッ山小学校跡地
960636,EL05136551001,度会,三重県,度会町,宮リバー度会パーク
960637,EL05136224702,紀伊長島,三重県,紀北町,紀北町立東小学校
960638,EL05336120101,虎姫,滋賀県,虎姫町,虎姫町立虎姫小学校
960639,EL05236500301,野洲,滋賀県,野洲市,野洲市立祇王小学校
960640,EL05335402202,網野,京都府,京丹後市,京丹後市立網野中学校
960641,EL05335137301,舞鶴,京都府,舞鶴市,舞鶴市泉源寺公園
960642,EL05235743302,京都美山,京都府,南丹市,南丹市立美山中学校
960643,EL05235466102,京都左京２,京都府,京都市,京都市立宝ヶ池公園
960644,EL05235364102,京都伏見,京都府,京都市,国立京都教育大学
960645,EL05334354402,香住,兵庫県,香美町,香住町立奥佐津小学校
960646,EL05334155801,兵庫日高,兵庫県,豊岡市,植村直巳記念スポーツ公園
960647,EL05235608102,青垣,兵庫県,丹波市,青垣総合運動公園（グリーンベル青垣）
960648,EL05234569102,生野,兵庫県,生野町,栃原運動広場（林業者等健康増進施設）
960649,EL05234372502,滝野,兵庫県,加東市,加東市滝野公民館（滝野情報交流館）
960650,EL05135347201,かつらぎ,和歌山県,かつらぎ町,和歌山県立紀北農芸高等学校
960652,EL05135013301,広川,和歌山県,広川町,広川町営Ｂ＆Ｇ海洋センター
960653,EL05035236901,すさみ２,和歌山県,すさみ町,すさみ町立周参見保育所
960655,EL05334023602,八東,鳥取県,八頭町,八頭町立八東小学校
960656,EL05333217102,美保関,島根県,松江市,松江市立千酌小学校
960657,EL05232237601,石見,島根県,邑南町,邑南町立石見中学校
960658,EL05132608101,匹見,島根県,益田市,益田市立匹見小学校
960659,EL05131562902,柿木,島根県,古賀町,古賀町立柿木小学校
960660,EL05233640502,岡山新庄,岡山県,新庄村,新庄村総合運動公園
960662,EL05233339102,神郷,岡山県,新見市,新見市立神代保育園
960663,EL05232167802,三次,広島県,三次市,三次市寺戸浄水場
960664,EL05233123702,豊松,広島県,神石高原町,陽光の里健康広場
960665,EL05132414501,広島佐伯,広島県,廿日市市,佐伯総合スポーツ公園
960666,EL05132331602,江田島,広島県,江田島市,石風呂児童公園
960667,EL05132275001,木江,広島県,大崎上島町,大崎上島町立木江幼稚園
960668,EL05231111202,萩２,山口県,萩市,萩市立見島小学校
960669,EL05131411403,長門,山口県,長門市,小河内公園
960670,EL05131201502,山口豊田,山口県,下関市,下関市立豊田下小学校
960672,EL05032629802,東和,山口県,周防大島町,周防大島町立東和図書館
960673,EL05134240802,鳴門,徳島県,鳴門市,鳴門市立第一中学校
960674,EL05133064902,三好,徳島県,東みよし町,東みよし市立給食センター
960675,EL05034524401,上那賀,徳島県,那賀町,徳島県立那賀高等学校　平谷分校
960676,EL05133573902,直島,香川県,直島町,直島町琴反地公園
960677,EL05133466202,丸亀,香川県,丸亀市,丸亀市本島公民館
960678,EL05133310502,弓削,愛媛県,上島町,立花様私有地（旧佐島小学校横）
960679,EL05032765201,北条,愛媛県,松山市,河野別府公園（北条文化の森公園）
960680,EL05032333802,長浜,愛媛県,大洲市,肱川あらし展望公園
960681,EL04932641302,宇和島,愛媛県,宇和島市,宇和島市環境センター
960683,EL04933719802,中土佐２,高知県,中土佐町,中土佐ふれあい広場
960684,EL04933615002,窪川,高知県,四万十町,四万十町立窪川中学校
960685,EL05030459901,直方,福岡県,直方市,直方市頓野公園
960686,EL05031403102,行橋,福岡県,行橋市,行橋市立仲津中学校
960687,EL05030366501,田川,福岡県,田川市,田川市成道寺公園
960688,EL04930759602,田主丸,福岡県,久留米市,久留米市立水縄小学校
960689,EL04929673501,山内,佐賀県,武雄市,武雄市中央公園
960690,EL04929751501,吉井,長崎県,佐世保市,吉井町ゲートボール場
960691,EL04929710001,宇久,長崎県,佐世保市,佐世保市総合センター
960692,EL04929206202,若松,長崎県,新上五島町,若松中学校バス待合所付近町有地
960693,EL04930115302,愛野,長崎県,雲仙市,雲仙市市有地
960694,EL04930125602,島原,長崎県,島原市,島原市営杉谷運動広場
960695,EL04930015702,小浜,長崎県,雲仙市,丸尾斎苑
960696,EL04930026802,深江,長崎県,南島原市,南島原市柔剣道場
960697,EL04830729302,西有家,長崎県,南島原市,飛町児童公園
960698,EL04828746901,玉之浦,長崎県,五島市,五島市　玉之浦支所
960699,EL04931504501,熊本小国,熊本県,小国町,ゆうステーション前広場
960700,EL04930451903,鹿本,熊本県,山鹿市,一本松公園
960701,EL04930274901,長陽,熊本県,南阿蘇村,南阿蘇村長陽運動公園
960702,EL04830669302,泉,熊本県,八代市,泉町平集会場
960703,EL04931304702,阿蘇,熊本県,阿蘇市,旧役犬原小学校
960704,EL04931211001,高森,熊本県,高森町,高森町立色見保育園
960705,EL05031224802,宇佐,大分県,宇佐市,宇佐市総合運動場
960706,EL05031041701,日出,大分県,日出町,大神漁港
960707,EL04931702902,玖珠,大分県,玖珠町,玖珠町立小田小学校
960709,EL04931647603,大分,大分県,大分市,虹ヶ丘西児童公園
960710,EL04930672301,前津江,大分県,日田市,日田市林間広場管理棟
960711,EL04831646202,北方,宮崎県,延岡市,北方総合運動公園
960712,EL04831426602,宮崎南郷,宮崎県,美郷町,美郷町立南郷中学校
960713,EL04831038803,新富,宮崎県,新富町,新富町弓道場
960714,EL04830065902,えびの,宮崎県,えびの市,えびの市立飯野小学校
960715,EL04731621403,宮崎田野,宮崎県,宮崎市,宮崎市Ｂ＆Ｇ田野海洋センター
960716,EL04731027401,串間２,宮崎県,串間市,串間市立都井小学校
960717,EL04830213401,東,鹿児島県,長島町,特別養護老人ホーム「桃源郷」
960718,EL04730639503,宮之城,鹿児島県,さつま町,さつま町宗功寺公園
960719,EL04730354202,桜島,鹿児島県,鹿児島市,桜島松浦町運動広場
960720,EL04730351602,鹿児島２,鹿児島県,鹿児島市,鹿児島市黒神校区公民館
960721,EL04730256001,鹿児島３,鹿児島県,鹿児島市,鹿児島市水道局東桜島事務所
960722,EL04730159502,垂水,鹿児島県,垂水市, 
960723,EL04630124101,鹿児島三島,鹿児島県,三島村,硫黄島城ヶ原牧場
960724,EL04631100202,西之表,鹿児島県,西之表市,西之表市西京浄水場
960725,EL04530515502,口永良部島,鹿児島県,上屋久町,口永良部島前田待避所
960726,EL04530477202,南種子,鹿児島県,南種子町,南種子町宇宙ヶ丘公園
960727,EL04530437301,上屋久２,鹿児島県,上屋久町,上屋久町立永田中学校
960728,EL04530248402,屋久,鹿児島県,屋久町,尾之間むらづくり墓地公園
960729,EL04429353602,十島,鹿児島県,十島村,諏訪之瀬島榊戸原牧場
960730,EL04229558501,笠利,鹿児島県,奄美市,奄美市立笠利小学校
960731,EL04230404203,喜界１,鹿児島県,喜界町,喜界町有機物供給センター
960732,EL04229375302,喜界２,鹿児島県,喜界町,喜界町荒木グラウンド
960733,EL04229126502,瀬戸内,鹿児島県,瀬戸内町,瀬戸内町立図書館・郷土館
960734,EL04128577101,鹿児島天城,鹿児島県,天城町,天城町立中央公民館
960735,EL04128058201,和泊,鹿児島県,和泊町,和泊町立和泊小学校
960736,EL04027373502,伊是名,沖縄県,伊是名村,内花配水池内村有地
960737,EL04028213901,国頭,沖縄県,国頭村,国頭村立北国小・中学校
960738,EL04028014101,大宜味,沖縄県,大宜味村,農村環境改善センター
960739,EL03927619802,粟国,沖縄県,粟国村,粟国村立粟国小・中学校
960740,EL03927577701,宜野座,沖縄県,宜野座村,農村公園
960741,EL03927563603,沖縄石川,沖縄県,うるま市,石川市民の森公園
960742,EL03927414101,渡名喜,沖縄県,渡名喜村,渡名喜村立渡名喜幼稚園
960743,EL03926451901,具志川,沖縄県,久米島町,久米島町立清水小学校
960744,EL03927221702,渡嘉敷,沖縄県,渡嘉敷村,森林公園
960745,EL03927260602,知念,沖縄県,南城市,南城市社会福祉センター
960746,EL03831724303,北大東,沖縄県,北大東村,黒部地区貯水池
960747,EL03725119301,伊良部,沖縄県,宮古島市,宮古島市立伊良部中学校
960748,EL03624756501,多良間,沖縄県,多良間村,宮古市の森公園
960749,EL03624624402,石垣１,沖縄県,石垣市,石垣市立あかし幼稚園
960750,EL03624410302,石垣２,沖縄県,石垣市,石垣市立平真小学校
960751,EL03623067303,波照間島,沖縄県,竹富町,波照間地区完工記念碑
960752,EL05439604401,赤城,群馬県,渋川市,渋川市赤城総合運動自然公園
960753,EL05439020102,都幾川,埼玉県,ときがわ町,ときがわ町立都幾川中学校
960754,EL05339616401,名栗,埼玉県,飯能市,名栗スポーツ広場
960755,EL05339526901,入間,埼玉県,入間市,入間市博物館
960756,EL05240714901,大多喜,千葉県,大多喜町,大多喜町立大多喜中学校
960758,EL05339323902,八王子,東京都,八王子市,八王子市立上柚木小学校
960759,EL05239549902,三浦２,神奈川県,三浦市,東京大学三崎臨海実験所
960760,EL05235265302,宇治,京都府,宇治市,宇治市立神明小学校
960761,EL05135744902,八尾,大阪府,八尾市,八尾市立南山本小学校
960762,EL05234253202,姫路,兵庫県,姫路市,姫路市立御立交通公園
960763,EL05235053602,生駒,奈良県,生駒市,生駒市立桜ヶ丘小学校
960764,EL05135668502,天理,奈良県,天理市,天理市立長柄運動公園
960765,EL05234117402,和気,岡山県,和気町,和気町立藤野小学校
960766,EL05133669003,倉敷２,岡山県,倉敷市,倉敷市立大高小学校
960767,EL05133524302,広島福山,広島県,福山市,広島県立福山少年自然の家
960768,EL05132460501,安芸津,広島県,東広島市,広島県立総合技術研究所　農業技術センター果樹研究部
960769,EL05132212702,和木,山口県,和木町,和木町蜂ヶ峯総合公園(バラ園)
960770,EL05029074601,北波多,佐賀県,唐津市, 
960771,EL05030031502,中原,佐賀県,みやき町,中原保健センター
960772,EL04929373903,大村,長崎県,大村市,琴平岳展望所
960773,EL04830639402,大矢野,熊本県,上天草市,上天草市立大矢野中学校
960774,EL04830602601,苓北,熊本県,苓北町,苓北町坂瀬川地区総合グラウンド
960775,EL04830521501,栖本,熊本県,天草市,倉岳駐車場
960776,EL04730431702,鹿児島郡山,鹿児島県,鹿児島市,郡山早馬球技場
960777,EL04730019002,笠沙,鹿児島県,南さつま市,南さつま市野間池運動場
970778,EL06741646702,稚内２,北海道,稚内市,稚内市立夕来小中学校跡地
970779,EL06742525801,浜頓別,北海道,浜頓別町,浜頓別町ゲートボール場
970780,EL06742153702,枝幸２,北海道,枝幸町,枝幸町教員住宅跡地
970781,EL06641766302,遠別,北海道,遠別町,旧公民館（町有地）
970782,EL06642423102,幌加内２,北海道,幌加内町,幌加内町立母子里小中学校跡地
970783,EL06641157301,小平,北海道,小平町,小平町立おにしか更生園
970784,EL06544446001,北海道清里,北海道,清里町,町有地
970785,EL06541324901,浜益,北海道,石狩市,浜益スポーツセンター
970787,EL06542151101,上富良野,北海道,上富良野町,吹上温泉園地
970788,EL06443572202,白糠,北海道,白糠町,白糠町野外趣味活動施設
970789,EL06442461901,北海道清水,北海道,清水町,清水町営テニスコート
970790,EL06442302602,夕張,北海道,夕張市,楓パーキングエリア
970791,EL06443136901,豊頃,北海道,豊頃町,茂岩山自然公園林間広場
970792,EL06341500602,登別,北海道,登別市,川上公園
970793,EL06343518202,大樹２,北海道,大樹町,大樹町営光地園牧場
970794,EL06240722901,厚沢部,北海道,厚沢部町,厚沢部町教員住宅
970795,EL05941631602,玉山２,岩手県,盛岡市,盛岡市立藪川小学校
970796,EL05840575901,胆沢,岩手県,奥州市,奥州市立胆沢愛宕小学校
970797,EL05640758102,白石,宮城県,白石市,白石市立大鷹沢小学校
970798,EL06040065502,鹿角２,秋田県,鹿角市,水沢集落会館
970799,EL05740502701,西川,山形県,西川町,西川町生涯学習支援施設（旧西川町立西部中学校）
970800,EL05540462702,いわき２,福島県,いわき市,いわき市立湯本第二小学校
970801,EL05539434202,檜枝岐,福島県,檜枝岐村,檜枝岐魚苑
970802,EL05538173501,水上,群馬県,みなかみ町,谷川岳パーキングエリア（上り線）
970803,EL05740314503,山辺,山形県,山辺町,山辺町役場中支所
970804,EL05339140101,横浜泉,神奈川県,横浜市,領家３丁目公園
970806,EL05638573002,新潟巻,新潟県,新潟市,新潟市立巻西中学校
970807,EL05638169202,新潟三島,新潟県,長岡市,長岡市三島野球場
970809,EL05338430602,韮崎,山梨県,韮崎市,御勅使工業団地広場
970810,EL05638370302,新潟栄,新潟県,三条市,三条市立栄中学校
970811,EL05337249203,坂下,岐阜県,中津川市,宮の前農村公園
970812,EL05336033702,関ヶ原,岐阜県,関ケ原町,関ヶ原町立関ヶ原南小学校
970813,EL05238573701,函南,静岡県,函南町,函南町立桑村小学校
970814,EL05238076002,下田２,静岡県,下田市,和泉氏所有の畑
970815,EL05238544801,蒲原,静岡県,静岡市,静岡市立蒲原東小学校
970817,EL05238418601,静岡峰山,静岡県,静岡市,峰山集会所
970818,EL05238405602,中川根,静岡県,川根本町,川根本町立中川根中学校
970819,EL05237278502,静岡森２,静岡県,森町,森町立三倉小学校
970820,EL05238211401,島田,静岡県,島田市,島田市中央公園
970821,EL05237150402,浜松伊左地,静岡県,浜松市,伊左地緑地
970822,EL05236766303,愛知一宮２,愛知県,一宮市,一宮市立神山小学校
970823,EL05234744702,大屋,兵庫県,養父市,若杉高原大屋スキー場
970824,EL05136201702,大台ヶ原,奈良県,上北山村,大台ヶ原駐車場
970825,EL05035756802,十津川,奈良県,十津川村,十津川村立西川第一小学校
970826,EL05035356601,古座川,和歌山県,古座川町,古座川町立音楽博物館
970827,EL05134236102,引田,香川県,東かがわ市,東かがわ市引田児童館
970828,EL05032004301,愛媛三崎,愛媛県,伊方町,いこいの広場
970829,EL05032036801,宇和,愛媛県,西予市,西予市立石城小学校
970830,EL05033424901,吾北,高知県,いの町,グリーンパークほどの
970831,EL04930531701,福岡高田,福岡県,みやま市,みやま市立二川小学校
970832,EL04929250703,外海,長崎県,長崎市,外海総合公園
970833,EL04931515602,大分九重,大分県,九重町,大分県立九重少年自然の家
970834,EL04830121802,出水,鹿児島県,出水市,東光山公園
970835,EL04730618902,鹿児島川内,鹿児島県,薩摩川内市,旧高城西中学校
970836,EL04730535201,樋脇,鹿児島県,薩摩川内市,道の駅「樋脇」
990838,EL05238062101,南伊豆１Ａ,静岡県,南伊豆町,伊浜山村活性化支援センター
990840,EL05238220601,焼津Ａ,静岡県,焼津市,松原公園
970837,EL04730548702,姶良,鹿児島県,姶良町,姶良ＶＬＢＩ観測局
022005,EL06541263703,新十津川Ａ,北海道,新十津川町,新十津川宇宙測地観測場（敷地内）
052007,EL04042418501,父島Ａ,東京都,小笠原村,父島VLBI観測局
